date,dam_id,dam_name,surface_area_km2,cloud_pct,scene_id,threshold_used,historical_avg_km2,pct_of_avg
2026-09-12,sidi-salem,Sidi Salem,18.151,0.0,S2B_32SNF_20260909_0_L2A,0.05,28.8,63.0
2026-09-12,sidi-el-barrak,Sidi El Barrak,17.904,0.0,S2B_32SMF_20260909_0_L2A,0.05,15.5,115.5
2026-09-12,sejnane,Sejnane,0.001,0.0,S2B_32SNF_20260909_0_L2A,0.05,12.0,0.0
2026-09-12,joumine,Joumine,0.001,0.0,S2B_32SNF_20260909_0_L2A,0.05,8.0,0.0
2026-09-12,ghezala,Ghezala,0.001,0.0,S2B_32SNG_20260909_0_L2A,0.05,3.0,0.0
2026-09-12,zerga,Zerga,0.197,0.0,S2B_32SNF_20260909_0_L2A,0.05,1.5,13.2
2026-09-12,kasseb,Kasseb,0.017,0.0,S2B_32SMF_20260909_0_L2A,0.05,3.0,0.6
2026-09-12,beni-mtir,Beni Mtir,2.782,0.0,S2B_32SMF_20260909_0_L2A,0.05,3.5,79.5
2026-09-12,bou-heurtma,Bou Heurtma,4.367,0.0,S2B_32SMF_20260909_0_L2A,0.05,5.0,87.3
2026-09-12,barbara,Barbara,0.086,0.0,S2B_32SMF_20260909_0_L2A,0.05,4.0,2.2
2026-09-12,mellegue,Mellegue (Nebeur),0.006,0.0,S2B_32SMF_20260909_0_L2A,0.05,8.0,0.1
2026-09-12,sarrat,Sarrat,0.024,0.0,S2B_32SME_20260909_0_L2A,0.05,2.0,1.2
2026-09-12,siliana,Siliana,1.108,0.0,S2B_32SNE_20260909_0_L2A,0.05,3.0,36.9
2026-09-12,lakhmess,Lakhmess,0.005,0.0,S2B_32SNE_20260909_0_L2A,0.05,1.0,0.5
2026-09-12,rmil,Rmil,1.933,0.0,S2B_32SNF_20260909_0_L2A,0.05,1.5,128.8
2026-09-12,bir-mcherga,Bir Mcherga,0.622,0.0,S2B_32SNF_20260909_0_L2A,0.05,4.5,13.8
2026-09-12,el-aroussia,El Aroussia,0.000,0.0,S2B_32SNF_20260909_0_L2A,0.05,0.8,0.0
2026-09-12,el-houareb,El Houareb,0.018,0.0,S2B_32SNE_20260909_0_L2A,0.05,6.0,0.3
2026-09-12,nebhana,Nebhana,0.001,0.0,S2B_32SNE_20260909_0_L2A,0.05,3.5,0.0
2026-09-12,sidi-saad,Sidi Saad,3.107,0.0,S2B_32SNE_20260909_0_L2A,0.05,10.0,31.1
2026-09-12,chiba,Chiba,0.174,7.2,S2B_32SPF_20260906_0_L2A,0.05,0.7,24.9
2026-09-12,masri,Masri,0.066,0.0,S2B_32SPF_20260906_0_L2A,0.05,0.9,7.3
2026-09-12,lebna,Lebna,5.144,0.2,S2B_32SPF_20260906_0_L2A,0.05,3.0,171.5
2026-09-12,abid,Abid,0.000,0.0,S2B_32SMF_20260909_0_L2A,0.05,1.2,0.0
2026-09-12,tessa,Tessa,0.001,0.0,S2B_32SMF_20260909_0_L2A,0.05,1.5,0.0
2026-09-12,ziatine,Ziatine,3.186,0.0,S2B_32SNG_20260909_0_L2A,0.05,0.9,354.0
2026-09-12,gamgoum,Gamgoum,0.079,0.0,S2B_32SNF_20260909_0_L2A,0.05,0.6,13.1
2026-09-12,moula,Moula,0.001,0.0,S2B_32SMF_20260909_0_L2A,0.05,0.7,0.1
2026-09-12,melah,El Melah,1.163,46.5,S2C_32SNG_20260911_0_L2A,0.05,0.8,145.4
2026-09-12,harka,Harka,0.001,22.8,S2C_32SNG_20260911_0_L2A,0.05,0.7,0.2
2026-09-12,bou-hertma-lower,Bou Heurtma Lower,0.095,0.0,S2B_32SMF_20260909_0_L2A,0.05,0.9,10.5
2026-09-12,kebir,El Kebir,0.137,0.0,S2B_32SMF_20260909_0_L2A,0.05,0.9,15.2
2026-09-12,douimis,Douimis,,55.2,S2C_32SNG_20260911_0_L2A,0.05,0.5,
2026-09-12,el-breck,El Breck,0.009,0.0,S2B_32SNF_20260909_0_L2A,0.05,0.4,2.2
2026-09-12,sidi-abdelmoumen,Sidi Abdelmoumen,0.003,0.0,S2B_32SNE_20260909_0_L2A,0.05,0.9,0.4
2026-09-12,rmel,Rmel,0.012,0.9,S2B_32SPF_20260906_0_L2A,0.05,0.6,2.0
2026-09-12,el-abid,El Abid Upper,0.000,0.0,S2B_32SME_20260909_0_L2A,0.05,0.5,0.0
2025-06-26,sidi-salem,Sidi Salem,16.822,0.0,S2B_32SNF_20250626_0_L2A,0.05,28.8,58.4
2025-07-23,sidi-salem,Sidi Salem,16.297,0.0,S2A_32SNF_20250723_0_L2A,0.05,28.8,56.6
2025-08-25,sidi-salem,Sidi Salem,15.476,0.0,S2B_32SNF_20250825_0_L2A,0.05,28.8,53.7
2022-01-28,sidi-salem,Sidi Salem,17.742,0.0,S2A_32SNF_20220128_0_L2A,0.05,28.8,61.6
2022-02-22,sidi-salem,Sidi Salem,17.139,28.1,S2B_32SNF_20220222_0_L2A,0.05,28.8,59.5
2022-03-24,sidi-salem,Sidi Salem,17.171,12.3,S2B_32SNF_20220324_0_L2A,0.05,28.8,59.6
2022-04-08,sidi-salem,Sidi Salem,17.950,0.0,S2A_32SNF_20220408_0_L2A,0.05,28.8,62.3
2022-05-23,sidi-salem,Sidi Salem,17.481,0.0,S2B_32SNF_20220523_0_L2A,0.05,28.8,60.7
2022-06-17,sidi-salem,Sidi Salem,16.741,0.1,S2A_32SNF_20220617_0_L2A,0.05,28.8,58.1
2022-07-17,sidi-salem,Sidi Salem,16.013,0.0,S2A_32SNF_20220717_0_L2A,0.05,28.8,55.6
2022-08-26,sidi-salem,Sidi Salem,13.964,0.0,S2A_32SNF_20220826_0_L2A,0.05,28.8,48.5
2022-09-10,sidi-salem,Sidi Salem,13.314,0.0,S2B_32SNF_20220910_0_L2A,0.05,28.8,46.2
2022-10-20,sidi-salem,Sidi Salem,12.479,0.0,S2B_32SNF_20221020_0_L2A,0.05,28.8,43.3
2022-11-14,sidi-salem,Sidi Salem,12.142,0.0,S2A_32SNF_20221114_0_L2A,0.05,28.8,42.2
2022-12-04,sidi-salem,Sidi Salem,12.137,0.0,S2A_32SNF_20221204_0_L2A,0.05,28.8,42.1
2023-01-08,sidi-salem,Sidi Salem,12.381,0.0,S2B_32SNF_20230108_0_L2A,0.05,28.8,43.0
2023-02-22,sidi-salem,Sidi Salem,7.453,0.0,S2A_32SNF_20230222_1_L2A,0.05,28.8,25.9
2023-03-24,sidi-salem,Sidi Salem,13.050,0.0,S2A_32SNF_20230324_0_L2A,0.05,28.8,45.3
2023-04-08,sidi-salem,Sidi Salem,13.015,0.0,S2B_32SNF_20230408_0_L2A,0.05,28.8,45.2
2023-05-28,sidi-salem,Sidi Salem,12.995,0.9,S2B_32SNF_20230528_0_L2A,0.05,28.8,45.1
2023-06-22,sidi-salem,Sidi Salem,17.219,0.2,S2A_32SNF_20230622_1_L2A,0.05,28.8,59.8
2023-07-22,sidi-salem,Sidi Salem,17.317,0.0,S2A_32SNF_20230722_0_L2A,0.05,28.8,60.1
2023-08-26,sidi-salem,Sidi Salem,16.771,0.0,S2B_32SNF_20230826_0_L2A,0.05,28.8,58.2
2023-09-10,sidi-salem,Sidi Salem,16.549,0.0,S2A_32SNF_20230910_1_L2A,0.05,28.8,57.5
2023-10-10,sidi-salem,Sidi Salem,16.140,0.0,S2A_32SNF_20231010_0_L2A,0.05,28.8,56.0
2023-11-14,sidi-salem,Sidi Salem,15.774,0.0,S2B_32SNF_20231114_0_L2A,0.05,28.8,54.8
2023-12-24,sidi-salem,Sidi Salem,16.433,0.2,S2B_32SNF_20231224_0_L2A,0.05,28.8,57.1
2024-01-13,sidi-salem,Sidi Salem,,62.2,S2B_32SNF_20240113_0_L2A,0.05,28.8,
2024-02-07,sidi-salem,Sidi Salem,17.086,0.0,S2A_32SNF_20240207_0_L2A,0.05,28.8,59.3
2024-03-18,sidi-salem,Sidi Salem,18.272,0.0,S2A_32SNF_20240318_0_L2A,0.05,28.8,63.4
2024-04-27,sidi-salem,Sidi Salem,17.699,0.0,S2A_32SNF_20240427_0_L2A,0.05,28.8,61.5
2024-05-12,sidi-salem,Sidi Salem,17.399,0.0,S2B_32SNF_20240512_0_L2A,0.05,28.8,60.4
2024-06-26,sidi-salem,Sidi Salem,15.963,0.1,S2A_32SNF_20240626_0_L2A,0.05,28.8,55.4
2024-07-31,sidi-salem,Sidi Salem,14.480,0.0,S2B_32SNF_20240731_0_L2A,0.05,28.8,50.3
2024-08-10,sidi-salem,Sidi Salem,14.038,0.0,S2B_32SNF_20240810_0_L2A,0.05,28.8,48.7
2024-09-29,sidi-salem,Sidi Salem,12.393,0.0,S2B_32SNF_20240929_0_L2A,0.05,28.8,43.0
2024-10-04,sidi-salem,Sidi Salem,12.828,0.3,S2A_32SNF_20241004_0_L2A,0.05,28.8,44.5
2024-11-03,sidi-salem,Sidi Salem,12.226,0.0,S2A_32SNF_20241103_0_L2A,0.05,28.8,42.5
2024-12-18,sidi-salem,Sidi Salem,11.307,14.4,S2B_32SNF_20241218_0_L2A,0.05,28.8,39.3
2025-01-07,sidi-salem,Sidi Salem,12.994,0.4,S2B_32SNF_20250107_0_L2A,0.05,28.8,45.1
2025-02-16,sidi-salem,Sidi Salem,14.395,0.0,S2B_32SNF_20250216_0_L2A,0.05,28.8,50.0
2025-03-15,sidi-salem,Sidi Salem,13.619,0.0,S2A_32SNF_20250315_1_L2A,0.05,28.8,47.3
2025-04-04,sidi-salem,Sidi Salem,8.047,32.4,S2A_32SNF_20250404_1_L2A,0.05,28.8,27.9
2025-05-27,sidi-salem,Sidi Salem,17.499,0.0,S2B_32SNF_20250527_0_L2A,0.05,28.8,60.8
2025-09-01,sidi-salem,Sidi Salem,15.313,0.0,S2A_32SNF_20250901_0_L2A,0.05,28.8,53.2
2025-10-21,sidi-salem,Sidi Salem,15.082,0.0,S2A_32SNF_20251021_0_L2A,0.05,28.8,52.4
2025-11-30,sidi-salem,Sidi Salem,14.112,0.0,S2A_32SNF_20251130_1_L2A,0.05,28.8,49.0
2025-12-08,sidi-salem,Sidi Salem,14.301,0.0,S2C_32SNF_20251208_0_L2A,0.05,28.8,49.7
2026-01-09,sidi-salem,Sidi Salem,13.986,0.0,S2A_32SNF_20260109_0_L2A,0.05,28.8,48.6
2026-02-26,sidi-salem,Sidi Salem,18.021,0.0,S2C_32SNF_20260226_0_L2A,0.05,28.8,62.6
2026-03-18,sidi-salem,Sidi Salem,18.218,0.2,S2C_32SNF_20260318_0_L2A,0.05,28.8,63.3
2026-04-07,sidi-salem,Sidi Salem,18.419,0.0,S2C_32SNF_20260407_0_L2A,0.05,28.8,64.0
2026-05-19,sidi-salem,Sidi Salem,19.812,0.0,S2A_32SNF_20260519_2_L2A,0.05,28.8,68.8
2026-06-28,sidi-salem,Sidi Salem,19.565,0.0,S2A_32SNF_20260628_1_L2A,0.05,28.8,67.9
2026-07-08,sidi-salem,Sidi Salem,19.392,0.0,S2A_32SNF_20260708_1_L2A,0.05,28.8,67.3
2026-08-20,sidi-salem,Sidi Salem,18.501,0.0,S2B_32SNF_20260820_0_L2A,0.05,28.8,64.2
2022-01-28,sidi-el-barrak,Sidi El Barrak,22.295,0.0,S2A_32SMF_20220128_0_L2A,0.05,15.5,143.8
2022-02-22,sidi-el-barrak,Sidi El Barrak,,57.5,S2B_32SNG_20220222_0_L2A,0.05,15.5,
2022-03-14,sidi-el-barrak,Sidi El Barrak,21.007,2.7,S2B_32SMF_20220314_0_L2A,0.05,15.5,135.5
2022-04-08,sidi-el-barrak,Sidi El Barrak,22.233,0.0,S2A_32SNF_20220408_0_L2A,0.05,15.5,143.4
2022-05-13,sidi-el-barrak,Sidi El Barrak,21.300,0.0,S2B_32SMG_20220513_0_L2A,0.05,15.5,137.4
2022-06-17,sidi-el-barrak,Sidi El Barrak,18.995,1.2,S2A_32SMF_20220617_0_L2A,0.05,15.5,122.5
2022-07-17,sidi-el-barrak,Sidi El Barrak,19.130,0.0,S2A_32SMG_20220717_0_L2A,0.05,15.5,123.4
2022-08-26,sidi-el-barrak,Sidi El Barrak,17.126,0.0,S2A_32SNF_20220826_0_L2A,0.05,15.5,110.5
2022-09-10,sidi-el-barrak,Sidi El Barrak,16.659,0.0,S2B_32SNF_20220910_0_L2A,0.05,15.5,107.5
2022-10-20,sidi-el-barrak,Sidi El Barrak,15.797,0.0,S2B_32SMF_20221020_0_L2A,0.05,15.5,101.9
2022-11-14,sidi-el-barrak,Sidi El Barrak,15.192,0.0,S2A_32SMF_20221114_0_L2A,0.05,15.5,98.0
2022-12-04,sidi-el-barrak,Sidi El Barrak,15.240,0.0,S2A_32SMG_20221204_0_L2A,0.05,15.5,98.3
2023-01-08,sidi-el-barrak,Sidi El Barrak,14.368,0.0,S2B_32SNF_20230108_0_L2A,0.05,15.5,92.7
2023-02-22,sidi-el-barrak,Sidi El Barrak,15.370,0.0,S2A_32SNF_20230222_0_L2A,0.05,15.5,99.2
2023-03-24,sidi-el-barrak,Sidi El Barrak,15.778,0.0,S2A_32SMF_20230324_0_L2A,0.05,15.5,101.8
2023-04-08,sidi-el-barrak,Sidi El Barrak,15.597,0.0,S2B_32SNF_20230408_0_L2A,0.05,15.5,100.6
2023-05-03,sidi-el-barrak,Sidi El Barrak,,94.6,S2A_32SMG_20230503_0_L2A,0.05,15.5,
2023-06-12,sidi-el-barrak,Sidi El Barrak,13.090,0.5,S2A_32SMG_20230612_0_L2A,0.05,15.5,84.5
2023-07-12,sidi-el-barrak,Sidi El Barrak,11.590,0.0,S2A_32SMG_20230712_0_L2A,0.05,15.5,74.8
2023-08-26,sidi-el-barrak,Sidi El Barrak,9.422,0.0,S2B_32SMF_20230826_0_L2A,0.05,15.5,60.8
2023-09-10,sidi-el-barrak,Sidi El Barrak,8.874,0.0,S2A_32SMG_20230910_1_L2A,0.05,15.5,57.3
2023-10-10,sidi-el-barrak,Sidi El Barrak,8.002,0.0,S2A_32SMF_20231010_0_L2A,0.05,15.5,51.6
2023-11-14,sidi-el-barrak,Sidi El Barrak,6.809,0.0,S2B_32SMG_20231114_0_L2A,0.05,15.5,43.9
2023-12-24,sidi-el-barrak,Sidi El Barrak,5.958,48.5,S2B_32SNF_20231224_0_L2A,0.05,15.5,38.4
2024-01-28,sidi-el-barrak,Sidi El Barrak,11.733,12.9,S2A_32SMF_20240128_0_L2A,0.05,15.5,75.7
2024-02-07,sidi-el-barrak,Sidi El Barrak,12.044,17.8,S2A_32SMF_20240207_0_L2A,0.05,15.5,77.7
2024-03-23,sidi-el-barrak,Sidi El Barrak,13.506,2.0,S2B_32SMF_20240323_0_L2A,0.05,15.5,87.1
2024-04-27,sidi-el-barrak,Sidi El Barrak,12.393,0.0,S2A_32SMF_20240427_0_L2A,0.05,15.5,80.0
2024-05-12,sidi-el-barrak,Sidi El Barrak,12.349,0.0,S2B_32SNF_20240512_0_L2A,0.05,15.5,79.7
2024-06-26,sidi-el-barrak,Sidi El Barrak,11.217,0.0,S2A_32SMF_20240626_0_L2A,0.05,15.5,72.4
2024-07-31,sidi-el-barrak,Sidi El Barrak,10.689,0.0,S2B_32SMF_20240731_0_L2A,0.05,15.5,69.0
2024-08-10,sidi-el-barrak,Sidi El Barrak,10.474,0.0,S2B_32SMF_20240810_0_L2A,0.05,15.5,67.6
2024-09-29,sidi-el-barrak,Sidi El Barrak,9.323,0.6,S2B_32SNG_20240929_0_L2A,0.05,15.5,60.1
2024-10-04,sidi-el-barrak,Sidi El Barrak,8.774,1.3,S2A_32SNF_20241004_0_L2A,0.05,15.5,56.6
2024-11-03,sidi-el-barrak,Sidi El Barrak,8.243,0.0,S2A_32SMF_20241103_0_L2A,0.05,15.5,53.2
2024-12-13,sidi-el-barrak,Sidi El Barrak,9.064,0.0,S2A_32SMG_20241213_0_L2A,0.05,15.5,58.5
2025-01-07,sidi-el-barrak,Sidi El Barrak,11.012,15.3,S2B_32SNF_20250107_0_L2A,0.05,15.5,71.0
2025-02-16,sidi-el-barrak,Sidi El Barrak,17.513,0.0,S2B_32SNF_20250216_0_L2A,0.05,15.5,113.0
2025-03-08,sidi-el-barrak,Sidi El Barrak,16.160,9.9,S2B_32SMG_20250308_0_L2A,0.05,15.5,104.3
2025-04-24,sidi-el-barrak,Sidi El Barrak,13.765,25.9,S2A_32SMF_20250424_0_L2A,0.05,15.5,88.8
2025-05-27,sidi-el-barrak,Sidi El Barrak,14.599,1.4,S2B_32SMF_20250527_0_L2A,0.05,15.5,94.2
2025-06-23,sidi-el-barrak,Sidi El Barrak,14.753,0.1,S2A_32SMG_20250623_0_L2A,0.05,15.5,95.2
2025-07-11,sidi-el-barrak,Sidi El Barrak,14.179,0.0,S2C_32SMG_20250711_0_L2A,0.05,15.5,91.5
2025-08-25,sidi-el-barrak,Sidi El Barrak,12.530,0.0,S2B_32SNF_20250825_0_L2A,0.05,15.5,80.8
2025-09-01,sidi-el-barrak,Sidi El Barrak,12.129,0.0,S2A_32SNF_20250901_0_L2A,0.05,15.5,78.2
2025-10-21,sidi-el-barrak,Sidi El Barrak,10.002,0.0,S2A_32SNF_20251021_0_L2A,0.05,15.5,64.5
2025-11-30,sidi-el-barrak,Sidi El Barrak,11.489,0.0,S2A_32SMG_20251130_0_L2A,0.05,15.5,74.1
2025-12-08,sidi-el-barrak,Sidi El Barrak,7.973,40.5,S2C_32SMF_20251208_0_L2A,0.05,15.5,51.4
2026-01-09,sidi-el-barrak,Sidi El Barrak,14.504,0.0,S2A_32SNF_20260109_0_L2A,0.05,15.5,93.6
2026-02-26,sidi-el-barrak,Sidi El Barrak,22.780,0.0,S2C_32SMF_20260226_0_L2A,0.05,15.5,147.0
2026-03-08,sidi-el-barrak,Sidi El Barrak,22.105,0.0,S2C_32SMG_20260308_0_L2A,0.05,15.5,142.6
2026-04-29,sidi-el-barrak,Sidi El Barrak,0.000,0.0,S2A_32SMF_20260429_0_L2A,0.05,15.5,0.0
2026-05-19,sidi-el-barrak,Sidi El Barrak,20.615,0.7,S2A_32SMG_20260519_0_L2A,0.05,15.5,133.0
2026-06-28,sidi-el-barrak,Sidi El Barrak,20.140,0.0,S2A_32SMG_20260628_1_L2A,0.05,15.5,129.9
2026-07-18,sidi-el-barrak,Sidi El Barrak,18.870,0.0,S2A_32SMG_20260718_0_L2A,0.05,15.5,121.7
2026-08-17,sidi-el-barrak,Sidi El Barrak,18.467,0.0,S2A_32SMG_20260817_1_L2A,0.05,15.5,119.1
2022-01-28,sejnane,Sejnane,0.006,0.0,S2A_32SNF_20220128_0_L2A,0.05,12.0,0.0
2022-02-22,sejnane,Sejnane,,81.0,S2B_32SNG_20220222_0_L2A,0.05,12.0,
2022-03-24,sejnane,Sejnane,0.043,38.7,S2B_32SNG_20220324_0_L2A,0.05,12.0,0.4
2022-04-08,sejnane,Sejnane,0.004,0.0,S2A_32SNF_20220408_0_L2A,0.05,12.0,0.0
2022-05-23,sejnane,Sejnane,0.001,0.0,S2B_32SNF_20220523_0_L2A,0.05,12.0,0.0
2022-06-17,sejnane,Sejnane,0.002,0.0,S2A_32SNF_20220617_0_L2A,0.05,12.0,0.0
2022-07-17,sejnane,Sejnane,0.001,0.0,S2A_32SNF_20220717_0_L2A,0.05,12.0,0.0
2022-08-26,sejnane,Sejnane,0.000,0.0,S2A_32SNF_20220826_0_L2A,0.05,12.0,0.0
2022-09-10,sejnane,Sejnane,0.001,0.0,S2B_32SNF_20220910_0_L2A,0.05,12.0,0.0
2022-10-20,sejnane,Sejnane,0.001,0.0,S2B_32SNF_20221020_0_L2A,0.05,12.0,0.0
2022-11-14,sejnane,Sejnane,0.002,0.0,S2A_32SNF_20221114_0_L2A,0.05,12.0,0.0
2022-12-04,sejnane,Sejnane,0.003,0.0,S2A_32SNF_20221204_0_L2A,0.05,12.0,0.0
2023-01-08,sejnane,Sejnane,0.003,0.0,S2B_32SNF_20230108_0_L2A,0.05,12.0,0.0
2023-02-22,sejnane,Sejnane,0.003,0.0,S2A_32SNF_20230222_0_L2A,0.05,12.0,0.0
2023-03-24,sejnane,Sejnane,0.005,0.0,S2A_32SNF_20230324_0_L2A,0.05,12.0,0.0
2023-04-08,sejnane,Sejnane,0.005,0.0,S2B_32SNF_20230408_0_L2A,0.05,12.0,0.0
2023-05-28,sejnane,Sejnane,0.000,33.5,S2B_32SNF_20230528_0_L2A,0.05,12.0,0.0
2023-06-22,sejnane,Sejnane,0.000,0.0,S2A_32SNF_20230622_1_L2A,0.05,12.0,0.0
2023-07-22,sejnane,Sejnane,0.000,0.0,S2A_32SNF_20230722_0_L2A,0.05,12.0,0.0
2023-08-16,sejnane,Sejnane,0.001,0.0,S2B_32SNF_20230816_0_L2A,0.05,12.0,0.0
2023-09-10,sejnane,Sejnane,0.066,0.0,S2A_32SNG_20230910_1_L2A,0.05,12.0,0.5
2023-10-10,sejnane,Sejnane,0.000,0.0,S2A_32SNF_20231010_0_L2A,0.05,12.0,0.0
2023-11-14,sejnane,Sejnane,0.001,0.0,S2B_32SNF_20231114_0_L2A,0.05,12.0,0.0
2023-12-24,sejnane,Sejnane,,88.6,S2B_32SNF_20231224_0_L2A,0.05,12.0,
2024-01-13,sejnane,Sejnane,2.034,32.8,S2B_32SNG_20240113_0_L2A,0.05,12.0,17.0
2024-02-22,sejnane,Sejnane,0.117,0.0,S2B_32SNG_20240222_1_L2A,0.05,12.0,1.0
2024-03-18,sejnane,Sejnane,0.334,0.0,S2A_32SNG_20240318_0_L2A,0.05,12.0,2.8
2024-04-27,sejnane,Sejnane,0.004,0.0,S2A_32SNF_20240427_0_L2A,0.05,12.0,0.0
2024-05-12,sejnane,Sejnane,0.005,0.0,S2B_32SNF_20240512_0_L2A,0.05,12.0,0.0
2024-06-26,sejnane,Sejnane,0.001,0.0,S2A_32SNF_20240626_0_L2A,0.05,12.0,0.0
2024-07-31,sejnane,Sejnane,0.000,0.0,S2B_32SNF_20240731_0_L2A,0.05,12.0,0.0
2024-08-25,sejnane,Sejnane,0.001,0.0,S2A_32SNF_20240825_0_L2A,0.05,12.0,0.0
2024-09-29,sejnane,Sejnane,0.036,0.3,S2B_32SNG_20240929_0_L2A,0.05,12.0,0.3
2024-10-04,sejnane,Sejnane,0.001,13.1,S2A_32SNF_20241004_0_L2A,0.05,12.0,0.0
2024-11-13,sejnane,Sejnane,0.077,0.0,S2A_32SNG_20241113_0_L2A,0.05,12.0,0.6
2024-12-18,sejnane,Sejnane,0.005,0.0,S2B_32SNF_20241218_0_L2A,0.05,12.0,0.0
2025-01-07,sejnane,Sejnane,0.007,0.3,S2B_32SNF_20250107_0_L2A,0.05,12.0,0.1
2025-02-16,sejnane,Sejnane,0.008,0.0,S2B_32SNF_20250216_0_L2A,0.05,12.0,0.1
2025-03-15,sejnane,Sejnane,0.000,37.6,S2A_32SNF_20250315_1_L2A,0.05,12.0,0.0
2025-04-04,sejnane,Sejnane,,99.5,S2A_32SNF_20250404_1_L2A,0.05,12.0,
2025-05-27,sejnane,Sejnane,0.004,0.0,S2B_32SNF_20250527_0_L2A,0.05,12.0,0.0
2025-06-26,sejnane,Sejnane,0.001,0.0,S2B_32SNF_20250626_0_L2A,0.05,12.0,0.0
2025-07-23,sejnane,Sejnane,0.000,0.0,S2A_32SNF_20250723_0_L2A,0.05,12.0,0.0
2025-08-25,sejnane,Sejnane,0.000,0.0,S2B_32SNF_20250825_0_L2A,0.05,12.0,0.0
2025-09-01,sejnane,Sejnane,0.000,0.0,S2A_32SNF_20250901_0_L2A,0.05,12.0,0.0
2025-10-21,sejnane,Sejnane,0.001,0.5,S2A_32SNF_20251021_0_L2A,0.05,12.0,0.0
2025-11-30,sejnane,Sejnane,0.008,0.0,S2A_32SNF_20251130_1_L2A,0.05,12.0,0.1
2025-12-08,sejnane,Sejnane,,65.5,S2C_32SNF_20251208_0_L2A,0.05,12.0,
2026-01-09,sejnane,Sejnane,0.007,0.0,S2A_32SNF_20260109_0_L2A,0.05,12.0,0.1
2026-02-26,sejnane,Sejnane,0.012,0.0,S2C_32SNF_20260226_0_L2A,0.05,12.0,0.1
2026-03-08,sejnane,Sejnane,0.198,0.0,S2C_32SNG_20260308_0_L2A,0.05,12.0,1.7
2026-04-07,sejnane,Sejnane,0.261,0.0,S2C_32SNG_20260407_0_L2A,0.05,12.0,2.2
2026-05-29,sejnane,Sejnane,0.008,0.0,S2A_32SNF_20260529_1_L2A,0.05,12.0,0.1
2026-06-28,sejnane,Sejnane,0.006,0.0,S2A_32SNF_20260628_1_L2A,0.05,12.0,0.0
2026-07-21,sejnane,Sejnane,0.019,0.0,S2B_32SNG_20260721_0_L2A,0.05,12.0,0.2
2026-08-20,sejnane,Sejnane,0.001,0.0,S2B_32SNF_20260820_0_L2A,0.05,12.0,0.0
2022-01-28,joumine,Joumine,0.004,0.0,S2A_32SNF_20220128_0_L2A,0.05,8.0,0.0
2022-02-22,joumine,Joumine,,94.1,S2B_32SNG_20220222_0_L2A,0.05,8.0,
2022-03-24,joumine,Joumine,1.736,8.7,S2B_32SNG_20220324_0_L2A,0.05,8.0,21.7
2022-04-08,joumine,Joumine,0.001,0.0,S2A_32SNF_20220408_0_L2A,0.05,8.0,0.0
2022-05-23,joumine,Joumine,0.000,0.0,S2B_32SNF_20220523_0_L2A,0.05,8.0,0.0
2022-06-17,joumine,Joumine,0.001,0.0,S2A_32SNF_20220617_0_L2A,0.05,8.0,0.0
2022-07-17,joumine,Joumine,0.001,0.0,S2A_32SNF_20220717_0_L2A,0.05,8.0,0.0
2022-08-26,joumine,Joumine,0.002,0.0,S2A_32SNF_20220826_0_L2A,0.05,8.0,0.0
2022-09-10,joumine,Joumine,0.001,0.0,S2B_32SNF_20220910_0_L2A,0.05,8.0,0.0
2022-10-20,joumine,Joumine,0.001,0.0,S2B_32SNF_20221020_0_L2A,0.05,8.0,0.0
2022-11-14,joumine,Joumine,0.002,0.0,S2A_32SNF_20221114_0_L2A,0.05,8.0,0.0
2022-12-04,joumine,Joumine,0.002,0.0,S2A_32SNF_20221204_0_L2A,0.05,8.0,0.0
2023-01-08,joumine,Joumine,0.002,0.0,S2B_32SNF_20230108_0_L2A,0.05,8.0,0.0
2023-02-22,joumine,Joumine,0.000,0.0,S2A_32SNF_20230222_0_L2A,0.05,8.0,0.0
2023-03-24,joumine,Joumine,0.002,0.0,S2A_32SNF_20230324_0_L2A,0.05,8.0,0.0
2023-04-08,joumine,Joumine,0.002,0.0,S2B_32SNF_20230408_0_L2A,0.05,8.0,0.0
2023-05-28,joumine,Joumine,0.000,2.0,S2B_32SNF_20230528_0_L2A,0.05,8.0,0.0
2023-06-22,joumine,Joumine,0.000,0.0,S2A_32SNF_20230622_1_L2A,0.05,8.0,0.0
2023-07-22,joumine,Joumine,0.000,0.0,S2A_32SNF_20230722_0_L2A,0.05,8.0,0.0
2023-08-16,joumine,Joumine,0.002,0.0,S2B_32SNF_20230816_0_L2A,0.05,8.0,0.0
2023-09-10,joumine,Joumine,0.738,0.0,S2A_32SNG_20230910_1_L2A,0.05,8.0,9.2
2023-10-10,joumine,Joumine,0.001,0.0,S2A_32SNF_20231010_0_L2A,0.05,8.0,0.0
2023-11-14,joumine,Joumine,0.002,0.0,S2B_32SNF_20231114_0_L2A,0.05,8.0,0.0
2023-12-24,joumine,Joumine,0.004,31.2,S2B_32SNF_20231224_0_L2A,0.05,8.0,0.0
2024-01-13,joumine,Joumine,0.809,7.1,S2B_32SNG_20240113_0_L2A,0.05,8.0,10.1
2024-02-22,joumine,Joumine,0.716,1.2,S2B_32SNG_20240222_1_L2A,0.05,8.0,9.0
2024-03-18,joumine,Joumine,0.669,22.6,S2A_32SNG_20240318_0_L2A,0.05,8.0,8.4
2024-04-27,joumine,Joumine,0.001,0.0,S2A_32SNF_20240427_0_L2A,0.05,8.0,0.0
2024-05-12,joumine,Joumine,0.001,0.0,S2B_32SNF_20240512_0_L2A,0.05,8.0,0.0
2024-06-26,joumine,Joumine,0.001,0.0,S2A_32SNF_20240626_0_L2A,0.05,8.0,0.0
2024-07-31,joumine,Joumine,0.000,0.0,S2B_32SNF_20240731_0_L2A,0.05,8.0,0.0
2024-08-25,joumine,Joumine,0.001,0.0,S2A_32SNF_20240825_0_L2A,0.05,8.0,0.0
2024-09-29,joumine,Joumine,0.225,0.0,S2B_32SNG_20240929_0_L2A,0.05,8.0,2.8
2024-10-04,joumine,Joumine,0.001,8.0,S2A_32SNF_20241004_0_L2A,0.05,8.0,0.0
2024-11-13,joumine,Joumine,0.278,0.5,S2A_32SNG_20241113_0_L2A,0.05,8.0,3.5
2024-12-18,joumine,Joumine,0.001,0.0,S2B_32SNF_20241218_0_L2A,0.05,8.0,0.0
2025-01-07,joumine,Joumine,0.001,1.7,S2B_32SNF_20250107_0_L2A,0.05,8.0,0.0
2025-02-16,joumine,Joumine,0.002,0.0,S2B_32SNF_20250216_0_L2A,0.05,8.0,0.0
2025-03-15,joumine,Joumine,0.000,0.3,S2A_32SNF_20250315_1_L2A,0.05,8.0,0.0
2025-04-04,joumine,Joumine,0.001,23.7,S2A_32SNF_20250404_1_L2A,0.05,8.0,0.0
2025-05-27,joumine,Joumine,0.002,0.0,S2B_32SNF_20250527_0_L2A,0.05,8.0,0.0
2025-06-26,joumine,Joumine,0.000,0.0,S2B_32SNF_20250626_0_L2A,0.05,8.0,0.0
2025-07-23,joumine,Joumine,0.001,0.0,S2A_32SNF_20250723_0_L2A,0.05,8.0,0.0
2025-08-25,joumine,Joumine,0.002,0.0,S2B_32SNF_20250825_0_L2A,0.05,8.0,0.0
2025-09-01,joumine,Joumine,0.002,0.0,S2A_32SNF_20250901_0_L2A,0.05,8.0,0.0
2025-10-21,joumine,Joumine,0.003,0.0,S2A_32SNF_20251021_0_L2A,0.05,8.0,0.0
2025-11-30,joumine,Joumine,0.005,0.0,S2A_32SNF_20251130_1_L2A,0.05,8.0,0.1
2025-12-08,joumine,Joumine,0.004,10.2,S2C_32SNF_20251208_0_L2A,0.05,8.0,0.1
2026-01-09,joumine,Joumine,0.005,0.0,S2A_32SNF_20260109_0_L2A,0.05,8.0,0.1
2026-02-26,joumine,Joumine,0.006,0.0,S2C_32SNF_20260226_0_L2A,0.05,8.0,0.1
2026-03-08,joumine,Joumine,2.029,0.0,S2C_32SNG_20260308_0_L2A,0.05,8.0,25.4
2026-04-07,joumine,Joumine,2.044,0.0,S2C_32SNG_20260407_0_L2A,0.05,8.0,25.5
2026-05-29,joumine,Joumine,0.002,0.0,S2A_32SNF_20260529_1_L2A,0.05,8.0,0.0
2026-06-28,joumine,Joumine,0.002,0.0,S2A_32SNF_20260628_1_L2A,0.05,8.0,0.0
2026-07-21,joumine,Joumine,1.538,0.0,S2B_32SNG_20260721_0_L2A,0.05,8.0,19.2
2026-08-20,joumine,Joumine,0.001,0.0,S2B_32SNF_20260820_0_L2A,0.05,8.0,0.0
2022-01-23,ghezala,Ghezala,0.009,11.1,S2B_32SNG_20220123_0_L2A,0.05,3.0,0.3
2022-02-22,ghezala,Ghezala,,86.4,S2B_32SNG_20220222_0_L2A,0.05,3.0,
2022-03-24,ghezala,Ghezala,0.001,15.7,S2B_32SNG_20220324_0_L2A,0.05,3.0,0.0
2022-04-08,ghezala,Ghezala,0.002,0.0,S2A_32SNG_20220408_0_L2A,0.05,3.0,0.1
2022-05-13,ghezala,Ghezala,0.001,0.0,S2B_32SNG_20220513_0_L2A,0.05,3.0,0.0
2022-06-12,ghezala,Ghezala,0.002,0.0,S2B_32SNG_20220612_0_L2A,0.05,3.0,0.1
2022-07-22,ghezala,Ghezala,0.000,0.0,S2B_32SNG_20220722_0_L2A,0.05,3.0,0.0
2022-08-01,ghezala,Ghezala,0.004,0.0,S2B_32SNG_20220801_0_L2A,0.05,3.0,0.1
2022-09-10,ghezala,Ghezala,0.003,0.0,S2B_32SNG_20220910_0_L2A,0.05,3.0,0.1
2022-10-30,ghezala,Ghezala,0.003,0.0,S2B_32SNG_20221030_0_L2A,0.05,3.0,0.1
2022-11-14,ghezala,Ghezala,0.006,0.0,S2A_32SNG_20221114_0_L2A,0.05,3.0,0.2
2022-12-04,ghezala,Ghezala,0.004,0.0,S2A_32SNG_20221204_0_L2A,0.05,3.0,0.1
2023-01-08,ghezala,Ghezala,0.002,0.0,S2B_32SNG_20230108_0_L2A,0.05,3.0,0.1
2023-02-22,ghezala,Ghezala,0.002,0.0,S2A_32SNG_20230222_0_L2A,0.05,3.0,0.1
2023-03-24,ghezala,Ghezala,0.002,0.0,S2A_32SNG_20230324_0_L2A,0.05,3.0,0.1
2023-04-08,ghezala,Ghezala,0.004,11.3,S2B_32SNG_20230408_0_L2A,0.05,3.0,0.1
2023-05-03,ghezala,Ghezala,,54.5,S2A_32SNG_20230503_0_L2A,0.05,3.0,
2023-06-12,ghezala,Ghezala,0.003,0.0,S2A_32SNG_20230612_0_L2A,0.05,3.0,0.1
2023-07-17,ghezala,Ghezala,0.003,0.0,S2B_32SNG_20230717_0_L2A,0.05,3.0,0.1
2023-08-16,ghezala,Ghezala,0.001,0.0,S2B_32SNG_20230816_0_L2A,0.05,3.0,0.0
2023-09-10,ghezala,Ghezala,0.002,0.0,S2A_32SNG_20230910_1_L2A,0.05,3.0,0.1
2023-10-10,ghezala,Ghezala,0.004,0.0,S2A_32SNG_20231010_0_L2A,0.05,3.0,0.1
2023-11-14,ghezala,Ghezala,0.023,0.0,S2B_32SNG_20231114_0_L2A,0.05,3.0,0.8
2023-12-24,ghezala,Ghezala,0.010,33.5,S2B_32SNG_20231224_0_L2A,0.05,3.0,0.3
2024-01-13,ghezala,Ghezala,0.000,48.0,S2B_32SNG_20240113_0_L2A,0.05,3.0,0.0
2024-02-22,ghezala,Ghezala,0.022,0.1,S2B_32SNG_20240222_1_L2A,0.05,3.0,0.7
2024-03-18,ghezala,Ghezala,0.020,0.0,S2A_32SNG_20240318_0_L2A,0.05,3.0,0.7
2024-04-27,ghezala,Ghezala,0.005,0.0,S2A_32SNG_20240427_0_L2A,0.05,3.0,0.2
2024-05-12,ghezala,Ghezala,0.009,0.0,S2B_32SNG_20240512_0_L2A,0.05,3.0,0.3
2024-06-06,ghezala,Ghezala,0.012,0.0,S2A_32SNG_20240606_0_L2A,0.05,3.0,0.4
2024-07-31,ghezala,Ghezala,0.011,0.0,S2B_32SNG_20240731_0_L2A,0.05,3.0,0.4
2024-08-25,ghezala,Ghezala,0.014,0.0,S2A_32SNG_20240825_0_L2A,0.05,3.0,0.5
2024-09-29,ghezala,Ghezala,0.012,0.0,S2B_32SNG_20240929_0_L2A,0.05,3.0,0.4
2024-10-09,ghezala,Ghezala,0.011,18.1,S2B_32SNG_20241009_0_L2A,0.05,3.0,0.4
2024-11-13,ghezala,Ghezala,0.008,0.0,S2A_32SNG_20241113_0_L2A,0.05,3.0,0.3
2024-12-18,ghezala,Ghezala,0.005,0.0,S2B_32SNG_20241218_0_L2A,0.05,3.0,0.2
2025-02-16,ghezala,Ghezala,0.008,0.0,S2B_32SNG_20250216_0_L2A,0.05,3.0,0.3
2025-03-08,ghezala,Ghezala,0.005,32.3,S2B_32SNG_20250308_0_L2A,0.05,3.0,0.2
2025-04-07,ghezala,Ghezala,,72.8,S2B_32SNG_20250407_0_L2A,0.05,3.0,
2025-05-27,ghezala,Ghezala,0.001,0.0,S2B_32SNG_20250527_0_L2A,0.05,3.0,0.0
2025-06-01,ghezala,Ghezala,0.001,0.0,S2C_32SNG_20250601_0_L2A,0.05,3.0,0.0
2025-07-01,ghezala,Ghezala,0.002,0.0,S2C_32SNG_20250701_0_L2A,0.05,3.0,0.1
2025-08-25,ghezala,Ghezala,0.001,0.0,S2B_32SNG_20250825_0_L2A,0.05,3.0,0.0
2025-09-01,ghezala,Ghezala,0.005,0.0,S2A_32SNG_20250901_0_L2A,0.05,3.0,0.2
2025-10-31,ghezala,Ghezala,,53.1,S2A_32SNG_20251031_0_L2A,0.05,3.0,
2025-11-13,ghezala,Ghezala,0.002,0.0,S2B_32SNG_20251113_0_L2A,0.05,3.0,0.1
2025-12-13,ghezala,Ghezala,0.003,0.1,S2B_32SNG_20251213_0_L2A,0.05,3.0,0.1
2026-02-06,ghezala,Ghezala,0.024,0.0,S2C_32SNG_20260206_0_L2A,0.05,3.0,0.8
2026-03-08,ghezala,Ghezala,0.013,0.5,S2C_32SNG_20260308_0_L2A,0.05,3.0,0.4
2026-04-07,ghezala,Ghezala,0.009,0.0,S2C_32SNG_20260407_0_L2A,0.05,3.0,0.3
2026-05-19,ghezala,Ghezala,0.003,0.0,S2A_32SNG_20260519_1_L2A,0.05,3.0,0.1
2026-06-18,ghezala,Ghezala,0.002,0.0,S2A_32SNG_20260618_1_L2A,0.05,3.0,0.1
2026-07-21,ghezala,Ghezala,0.001,0.0,S2B_32SNG_20260721_0_L2A,0.05,3.0,0.0
2026-08-20,ghezala,Ghezala,0.002,0.0,S2B_32SNG_20260820_0_L2A,0.05,3.0,0.1
2022-01-05,zerga,Zerga,0.000,0.0,S2A_32SNF_20220105_0_L2A,0.05,1.5,0.0
2022-02-09,zerga,Zerga,0.009,0.0,S2B_32SNF_20220209_0_L2A,0.05,1.5,0.6
2022-03-24,zerga,Zerga,0.193,3.0,S2B_32SNF_20220324_0_L2A,0.05,1.5,12.9
2022-04-08,zerga,Zerga,0.328,0.0,S2A_32SNF_20220408_0_L2A,0.05,1.5,21.9
2022-05-15,zerga,Zerga,0.000,0.0,S2A_32SNF_20220515_0_L2A,0.05,1.5,0.0
2022-06-24,zerga,Zerga,0.043,0.0,S2A_32SNF_20220624_0_L2A,0.05,1.5,2.9
2022-07-17,zerga,Zerga,0.223,0.0,S2A_32SNF_20220717_0_L2A,0.05,1.5,14.9
2022-08-26,zerga,Zerga,0.111,0.0,S2A_32SNF_20220826_0_L2A,0.05,1.5,7.4
2022-09-10,zerga,Zerga,0.118,0.0,S2B_32SNF_20220910_0_L2A,0.05,1.5,7.9
2022-10-20,zerga,Zerga,0.214,0.0,S2B_32SNF_20221020_0_L2A,0.05,1.5,14.3
2022-11-14,zerga,Zerga,0.221,0.0,S2A_32SNF_20221114_0_L2A,0.05,1.5,14.7
2022-12-04,zerga,Zerga,0.236,0.0,S2A_32SNF_20221204_0_L2A,0.05,1.5,15.7
2023-01-08,zerga,Zerga,0.241,0.0,S2B_32SNF_20230108_0_L2A,0.05,1.5,16.0
2023-02-19,zerga,Zerga,0.000,0.0,S2A_32SNF_20230219_0_L2A,0.05,1.5,0.0
2023-03-24,zerga,Zerga,0.270,0.0,S2A_32SNF_20230324_0_L2A,0.05,1.5,18.0
2023-04-08,zerga,Zerga,0.266,0.0,S2B_32SNF_20230408_0_L2A,0.05,1.5,17.7
2023-05-28,zerga,Zerga,0.248,2.0,S2B_32SNF_20230528_0_L2A,0.05,1.5,16.5
2023-06-22,zerga,Zerga,0.168,0.0,S2A_32SNF_20230622_1_L2A,0.05,1.5,11.2
2023-07-14,zerga,Zerga,0.000,0.0,S2B_32SNF_20230714_0_L2A,0.05,1.5,0.0
2023-08-16,zerga,Zerga,0.221,0.0,S2B_32SNF_20230816_0_L2A,0.05,1.5,14.7
2023-09-10,zerga,Zerga,0.193,0.0,S2A_32SNF_20230910_1_L2A,0.05,1.5,12.9
2023-10-10,zerga,Zerga,0.176,0.0,S2A_32SNF_20231010_0_L2A,0.05,1.5,11.7
2023-11-14,zerga,Zerga,0.177,0.0,S2B_32SNF_20231114_0_L2A,0.05,1.5,11.8
2023-12-26,zerga,Zerga,0.001,0.0,S2A_32SNF_20231226_0_L2A,0.05,1.5,0.1
2024-01-25,zerga,Zerga,0.000,0.0,S2A_32SNF_20240125_0_L2A,0.05,1.5,0.0
2024-02-04,zerga,Zerga,0.000,0.0,S2A_32SNF_20240204_0_L2A,0.05,1.5,0.0
2024-03-30,zerga,Zerga,0.000,0.0,S2B_32SNF_20240330_0_L2A,0.05,1.5,0.0
2024-04-04,zerga,Zerga,0.000,0.0,S2A_32SNF_20240404_1_L2A,0.05,1.5,0.0
2024-05-12,zerga,Zerga,0.307,0.0,S2B_32SNF_20240512_0_L2A,0.05,1.5,20.5
2024-06-26,zerga,Zerga,0.218,0.0,S2A_32SNF_20240626_0_L2A,0.05,1.5,14.5
2024-07-31,zerga,Zerga,0.174,0.0,S2B_32SNF_20240731_0_L2A,0.05,1.5,11.6
2024-08-25,zerga,Zerga,0.185,0.0,S2A_32SNF_20240825_0_L2A,0.05,1.5,12.4
2024-09-01,zerga,Zerga,0.000,0.0,S2A_32SNF_20240901_0_L2A,0.05,1.5,0.0
2024-10-01,zerga,Zerga,0.004,0.0,S2A_32SNF_20241001_0_L2A,0.05,1.5,0.3
2024-11-25,zerga,Zerga,0.006,0.0,S2B_32SNF_20241125_0_L2A,0.05,1.5,0.4
2024-12-10,zerga,Zerga,0.005,0.0,S2A_32SNF_20241210_0_L2A,0.05,1.5,0.3
2025-01-24,zerga,Zerga,0.000,0.0,S2B_32SNF_20250124_0_L2A,0.05,1.5,0.0
2025-02-18,zerga,Zerga,0.006,0.0,S2C_32SNF_20250218_0_L2A,0.05,1.5,0.4
2025-03-15,zerga,Zerga,0.002,0.0,S2B_32SNF_20250315_0_L2A,0.05,1.5,0.1
2025-04-19,zerga,Zerga,0.024,0.0,S2C_32SNF_20250419_0_L2A,0.05,1.5,1.6
2025-05-31,zerga,Zerga,0.038,0.0,S2A_32SNF_20250531_0_L2A,0.05,1.5,2.5
2025-06-13,zerga,Zerga,0.000,0.0,S2B_32SNF_20250613_1_L2A,0.05,1.5,0.0
2025-07-23,zerga,Zerga,0.177,0.0,S2A_32SNF_20250723_0_L2A,0.05,1.5,11.8
2025-08-25,zerga,Zerga,0.201,0.0,S2B_32SNF_20250825_0_L2A,0.05,1.5,13.4
2025-09-01,zerga,Zerga,0.158,0.0,S2A_32SNF_20250901_0_L2A,0.05,1.5,10.5
2025-10-08,zerga,Zerga,0.008,0.0,S2A_32SNF_20251008_0_L2A,0.05,1.5,0.5
2025-11-30,zerga,Zerga,0.255,0.0,S2A_32SNF_20251130_1_L2A,0.05,1.5,17.0
2025-12-08,zerga,Zerga,0.127,2.6,S2C_32SNF_20251208_0_L2A,0.05,1.5,8.5
2026-01-09,zerga,Zerga,0.276,0.0,S2A_32SNF_20260109_0_L2A,0.05,1.5,18.4
2026-02-26,zerga,Zerga,0.387,0.0,S2C_32SNF_20260226_0_L2A,0.05,1.5,25.8
2026-03-18,zerga,Zerga,0.266,25.9,S2C_32SNF_20260318_0_L2A,0.05,1.5,17.7
2026-04-07,zerga,Zerga,0.374,0.0,S2C_32SNF_20260407_0_L2A,0.05,1.5,24.9
2026-05-29,zerga,Zerga,0.000,0.0,S2B_32SNF_20260529_0_L2A,0.05,1.5,0.0
2026-06-18,zerga,Zerga,0.001,0.0,S2B_32SNF_20260618_0_L2A,0.05,1.5,0.0
2026-07-25,zerga,Zerga,0.002,0.0,S2A_32SNF_20260725_0_L2A,0.05,1.5,0.1
2026-08-20,zerga,Zerga,0.237,0.0,S2B_32SNF_20260820_0_L2A,0.05,1.5,15.8
2022-01-28,kasseb,Kasseb,0.008,0.0,S2A_32SMF_20220128_0_L2A,0.05,3.0,0.3
2022-02-07,kasseb,Kasseb,,60.6,S2A_32SMF_20220207_0_L2A,0.05,3.0,
2022-03-14,kasseb,Kasseb,0.007,0.0,S2B_32SMF_20220314_0_L2A,0.05,3.0,0.2
2022-04-08,kasseb,Kasseb,0.004,0.0,S2A_32SNF_20220408_0_L2A,0.05,3.0,0.1
2022-05-23,kasseb,Kasseb,0.003,0.0,S2B_32SMF_20220523_0_L2A,0.05,3.0,0.1
2022-06-17,kasseb,Kasseb,0.003,0.0,S2A_32SMF_20220617_0_L2A,0.05,3.0,0.1
2022-07-17,kasseb,Kasseb,0.005,0.0,S2A_32SMF_20220717_0_L2A,0.05,3.0,0.2
2022-08-26,kasseb,Kasseb,0.005,0.0,S2A_32SNF_20220826_0_L2A,0.05,3.0,0.2
2022-09-10,kasseb,Kasseb,0.005,0.0,S2B_32SNF_20220910_0_L2A,0.05,3.0,0.2
2022-10-20,kasseb,Kasseb,0.014,0.0,S2B_32SMF_20221020_0_L2A,0.05,3.0,0.5
2022-11-14,kasseb,Kasseb,0.018,0.0,S2A_32SMF_20221114_0_L2A,0.05,3.0,0.6
2022-12-04,kasseb,Kasseb,0.012,0.0,S2A_32SMF_20221204_0_L2A,0.05,3.0,0.4
2023-01-08,kasseb,Kasseb,0.003,0.0,S2B_32SNF_20230108_0_L2A,0.05,3.0,0.1
2023-02-22,kasseb,Kasseb,0.003,0.0,S2A_32SNF_20230222_1_L2A,0.05,3.0,0.1
2023-03-24,kasseb,Kasseb,0.009,0.0,S2A_32SMF_20230324_0_L2A,0.05,3.0,0.3
2023-04-08,kasseb,Kasseb,0.006,0.0,S2B_32SNF_20230408_0_L2A,0.05,3.0,0.2
2023-05-28,kasseb,Kasseb,,72.1,S2B_32SNF_20230528_0_L2A,0.05,3.0,
2023-06-22,kasseb,Kasseb,0.007,0.0,S2A_32SNF_20230622_1_L2A,0.05,3.0,0.2
2023-07-22,kasseb,Kasseb,0.006,0.0,S2A_32SNF_20230722_0_L2A,0.05,3.0,0.2
2023-08-26,kasseb,Kasseb,0.004,0.0,S2B_32SMF_20230826_0_L2A,0.05,3.0,0.1
2023-09-10,kasseb,Kasseb,0.005,0.0,S2A_32SMF_20230910_1_L2A,0.05,3.0,0.2
2023-10-10,kasseb,Kasseb,0.011,0.0,S2A_32SMF_20231010_0_L2A,0.05,3.0,0.4
2023-11-14,kasseb,Kasseb,0.013,0.0,S2B_32SMF_20231114_0_L2A,0.05,3.0,0.4
2023-12-24,kasseb,Kasseb,0.011,0.1,S2B_32SNF_20231224_0_L2A,0.05,3.0,0.4
2024-01-28,kasseb,Kasseb,0.011,11.4,S2A_32SMF_20240128_0_L2A,0.05,3.0,0.4
2024-02-07,kasseb,Kasseb,0.014,0.0,S2A_32SMF_20240207_0_L2A,0.05,3.0,0.5
2024-03-23,kasseb,Kasseb,0.007,0.0,S2B_32SMF_20240323_0_L2A,0.05,3.0,0.2
2024-04-27,kasseb,Kasseb,0.005,0.0,S2A_32SMF_20240427_0_L2A,0.05,3.0,0.2
2024-05-12,kasseb,Kasseb,0.008,0.0,S2B_32SNF_20240512_0_L2A,0.05,3.0,0.3
2024-06-26,kasseb,Kasseb,0.015,0.0,S2A_32SMF_20240626_0_L2A,0.05,3.0,0.5
2024-07-31,kasseb,Kasseb,0.004,0.0,S2B_32SMF_20240731_0_L2A,0.05,3.0,0.1
2024-08-10,kasseb,Kasseb,0.007,0.0,S2B_32SMF_20240810_0_L2A,0.05,3.0,0.2
2024-09-29,kasseb,Kasseb,0.008,1.6,S2B_32SNF_20240929_0_L2A,0.05,3.0,0.3
2024-10-04,kasseb,Kasseb,0.001,18.1,S2A_32SNF_20241004_0_L2A,0.05,3.0,0.0
2024-11-03,kasseb,Kasseb,0.020,0.0,S2A_32SMF_20241103_0_L2A,0.05,3.0,0.7
2024-12-13,kasseb,Kasseb,0.012,0.0,S2A_32SMF_20241213_0_L2A,0.05,3.0,0.4
2025-01-07,kasseb,Kasseb,0.009,1.0,S2B_32SNF_20250107_0_L2A,0.05,3.0,0.3
2025-02-16,kasseb,Kasseb,0.006,0.0,S2B_32SNF_20250216_0_L2A,0.05,3.0,0.2
2025-03-15,kasseb,Kasseb,0.000,0.0,S2A_32SNF_20250315_1_L2A,0.05,3.0,0.0
2025-04-24,kasseb,Kasseb,0.007,44.5,S2A_32SMF_20250424_0_L2A,0.05,3.0,0.2
2025-05-27,kasseb,Kasseb,0.007,0.0,S2B_32SMF_20250527_0_L2A,0.05,3.0,0.2
2025-06-21,kasseb,Kasseb,0.007,0.0,S2C_32SMF_20250621_0_L2A,0.05,3.0,0.2
2025-07-23,kasseb,Kasseb,0.006,0.0,S2A_32SNF_20250723_0_L2A,0.05,3.0,0.2
2025-08-25,kasseb,Kasseb,0.003,0.0,S2B_32SNF_20250825_0_L2A,0.05,3.0,0.1
2025-09-01,kasseb,Kasseb,0.008,0.0,S2A_32SNF_20250901_0_L2A,0.05,3.0,0.3
2025-10-21,kasseb,Kasseb,0.008,0.0,S2A_32SNF_20251021_0_L2A,0.05,3.0,0.3
2025-11-30,kasseb,Kasseb,0.009,0.0,S2A_32SNF_20251130_1_L2A,0.05,3.0,0.3
2025-12-08,kasseb,Kasseb,0.030,0.0,S2C_32SMF_20251208_0_L2A,0.05,3.0,1.0
2026-01-09,kasseb,Kasseb,0.008,0.0,S2A_32SNF_20260109_0_L2A,0.05,3.0,0.3
2026-02-26,kasseb,Kasseb,0.020,0.0,S2C_32SMF_20260226_0_L2A,0.05,3.0,0.7
2026-03-18,kasseb,Kasseb,0.019,0.0,S2C_32SMF_20260318_0_L2A,0.05,3.0,0.6
2026-04-07,kasseb,Kasseb,0.016,0.0,S2C_32SMF_20260407_0_L2A,0.05,3.0,0.5
2026-05-19,kasseb,Kasseb,0.013,1.7,S2A_32SMF_20260519_1_L2A,0.05,3.0,0.4
2026-06-21,kasseb,Kasseb,0.010,0.0,S2B_32SMF_20260621_0_L2A,0.05,3.0,0.3
2026-07-18,kasseb,Kasseb,0.010,0.0,S2A_32SMF_20260718_0_L2A,0.05,3.0,0.3
2026-08-20,kasseb,Kasseb,0.008,0.0,S2B_32SMF_20260820_0_L2A,0.05,3.0,0.3
2022-01-28,beni-mtir,Beni Mtir,1.737,0.1,S2A_32SMF_20220128_0_L2A,0.05,3.5,49.6
2022-02-07,beni-mtir,Beni Mtir,,97.2,S2A_32SMF_20220207_0_L2A,0.05,3.5,
2022-03-14,beni-mtir,Beni Mtir,1.680,0.0,S2B_32SMF_20220314_0_L2A,0.05,3.5,48.0
2022-04-08,beni-mtir,Beni Mtir,1.734,0.0,S2A_32SMF_20220408_0_L2A,0.05,3.5,49.6
2022-05-23,beni-mtir,Beni Mtir,1.829,0.0,S2B_32SMF_20220523_0_L2A,0.05,3.5,52.3
2022-06-17,beni-mtir,Beni Mtir,1.215,0.7,S2A_32SMF_20220617_0_L2A,0.05,3.5,34.7
2022-07-17,beni-mtir,Beni Mtir,1.733,0.0,S2A_32SMF_20220717_0_L2A,0.05,3.5,49.5
2022-08-26,beni-mtir,Beni Mtir,1.588,0.0,S2A_32SMF_20220826_0_L2A,0.05,3.5,45.4
2022-09-10,beni-mtir,Beni Mtir,1.531,0.0,S2B_32SMF_20220910_0_L2A,0.05,3.5,43.8
2022-10-20,beni-mtir,Beni Mtir,1.397,0.0,S2B_32SMF_20221020_0_L2A,0.05,3.5,39.9
2022-11-14,beni-mtir,Beni Mtir,1.327,0.0,S2A_32SMF_20221114_0_L2A,0.05,3.5,37.9
2022-12-04,beni-mtir,Beni Mtir,1.363,0.0,S2A_32SMF_20221204_0_L2A,0.05,3.5,38.9
2023-01-08,beni-mtir,Beni Mtir,1.252,0.0,S2B_32SMF_20230108_0_L2A,0.05,3.5,35.8
2023-02-22,beni-mtir,Beni Mtir,1.522,0.0,S2A_32SMF_20230222_0_L2A,0.05,3.5,43.5
2023-03-24,beni-mtir,Beni Mtir,1.558,0.0,S2A_32SMF_20230324_0_L2A,0.05,3.5,44.5
2023-04-08,beni-mtir,Beni Mtir,1.617,0.0,S2B_32SMF_20230408_0_L2A,0.05,3.5,46.2
2023-06-17,beni-mtir,Beni Mtir,1.438,0.5,S2B_32SMF_20230617_0_L2A,0.05,3.5,41.1
2023-07-27,beni-mtir,Beni Mtir,1.792,0.0,S2B_32SMF_20230727_0_L2A,0.05,3.5,51.2
2023-08-26,beni-mtir,Beni Mtir,1.701,0.0,S2B_32SMF_20230826_0_L2A,0.05,3.5,48.6
2023-09-10,beni-mtir,Beni Mtir,1.670,0.0,S2A_32SMF_20230910_1_L2A,0.05,3.5,47.7
2023-10-10,beni-mtir,Beni Mtir,1.605,0.0,S2A_32SMF_20231010_0_L2A,0.05,3.5,45.8
2023-11-14,beni-mtir,Beni Mtir,1.529,0.0,S2B_32SMF_20231114_0_L2A,0.05,3.5,43.7
2023-12-24,beni-mtir,Beni Mtir,,86.9,S2B_32SMF_20231224_0_L2A,0.05,3.5,
2024-01-28,beni-mtir,Beni Mtir,2.179,15.8,S2A_32SMF_20240128_0_L2A,0.05,3.5,62.2
2024-02-07,beni-mtir,Beni Mtir,2.184,0.3,S2A_32SMF_20240207_0_L2A,0.05,3.5,62.4
2024-03-23,beni-mtir,Beni Mtir,2.503,1.6,S2B_32SMF_20240323_0_L2A,0.05,3.5,71.5
2024-04-27,beni-mtir,Beni Mtir,2.469,0.0,S2A_32SMF_20240427_0_L2A,0.05,3.5,70.5
2024-05-12,beni-mtir,Beni Mtir,2.463,0.0,S2B_32SMF_20240512_0_L2A,0.05,3.5,70.4
2024-06-26,beni-mtir,Beni Mtir,2.355,0.0,S2A_32SMF_20240626_0_L2A,0.05,3.5,67.3
2024-07-31,beni-mtir,Beni Mtir,2.246,0.0,S2B_32SMF_20240731_0_L2A,0.05,3.5,64.2
2024-08-10,beni-mtir,Beni Mtir,2.227,0.0,S2B_32SMF_20240810_0_L2A,0.05,3.5,63.6
2024-09-04,beni-mtir,Beni Mtir,2.126,0.0,S2A_32SMF_20240904_0_L2A,0.05,3.5,60.7
2024-10-14,beni-mtir,Beni Mtir,2.049,0.0,S2A_32SMF_20241014_0_L2A,0.05,3.5,58.5
2024-11-03,beni-mtir,Beni Mtir,2.020,0.0,S2A_32SMF_20241103_0_L2A,0.05,3.5,57.7
2024-12-13,beni-mtir,Beni Mtir,1.993,0.0,S2A_32SMF_20241213_0_L2A,0.05,3.5,56.9
2025-02-16,beni-mtir,Beni Mtir,2.429,1.4,S2B_32SMF_20250216_0_L2A,0.05,3.5,69.4
2025-03-08,beni-mtir,Beni Mtir,2.424,5.2,S2B_32SMF_20250308_0_L2A,0.05,3.5,69.3
2025-04-24,beni-mtir,Beni Mtir,2.538,6.8,S2A_32SMF_20250424_0_L2A,0.05,3.5,72.5
2025-05-27,beni-mtir,Beni Mtir,2.593,0.0,S2B_32SMF_20250527_0_L2A,0.05,3.5,74.1
2025-06-21,beni-mtir,Beni Mtir,2.541,0.0,S2C_32SMF_20250621_0_L2A,0.05,3.5,72.6
2025-07-23,beni-mtir,Beni Mtir,2.468,0.0,S2A_32SMF_20250723_0_L2A,0.05,3.5,70.5
2025-08-12,beni-mtir,Beni Mtir,2.440,0.0,S2A_32SMF_20250812_0_L2A,0.05,3.5,69.7
2025-09-01,beni-mtir,Beni Mtir,2.354,0.0,S2A_32SMF_20250901_0_L2A,0.05,3.5,67.3
2025-10-21,beni-mtir,Beni Mtir,2.293,0.0,S2A_32SMF_20251021_0_L2A,0.05,3.5,65.5
2025-11-30,beni-mtir,Beni Mtir,2.376,0.0,S2A_32SMF_20251130_0_L2A,0.05,3.5,67.9
2025-12-08,beni-mtir,Beni Mtir,2.409,0.0,S2C_32SMF_20251208_0_L2A,0.05,3.5,68.8
2026-01-09,beni-mtir,Beni Mtir,2.419,0.0,S2A_32SMF_20260109_0_L2A,0.05,3.5,69.1
2026-02-26,beni-mtir,Beni Mtir,2.767,0.0,S2C_32SMF_20260226_0_L2A,0.05,3.5,79.1
2026-03-18,beni-mtir,Beni Mtir,2.842,1.1,S2C_32SMF_20260318_0_L2A,0.05,3.5,81.2
2026-04-07,beni-mtir,Beni Mtir,2.832,0.0,S2C_32SMF_20260407_0_L2A,0.05,3.5,80.9
2026-05-19,beni-mtir,Beni Mtir,2.733,0.2,S2A_32SMF_20260519_1_L2A,0.05,3.5,78.1
2026-06-21,beni-mtir,Beni Mtir,2.864,0.0,S2B_32SMF_20260621_0_L2A,0.05,3.5,81.8
2026-07-18,beni-mtir,Beni Mtir,2.787,0.1,S2A_32SMF_20260718_0_L2A,0.05,3.5,79.6
2026-08-20,beni-mtir,Beni Mtir,2.803,0.0,S2B_32SMF_20260820_0_L2A,0.05,3.5,80.1
2022-01-28,bou-heurtma,Bou Heurtma,3.118,0.0,S2A_32SMF_20220128_0_L2A,0.05,5.0,62.4
2022-02-07,bou-heurtma,Bou Heurtma,,63.3,S2A_32SMF_20220207_0_L2A,0.05,5.0,
2022-03-14,bou-heurtma,Bou Heurtma,3.142,0.0,S2B_32SMF_20220314_0_L2A,0.05,5.0,62.8
2022-04-08,bou-heurtma,Bou Heurtma,3.224,0.0,S2A_32SMF_20220408_0_L2A,0.05,5.0,64.5
2022-05-23,bou-heurtma,Bou Heurtma,2.955,0.0,S2B_32SMF_20220523_0_L2A,0.05,5.0,59.1
2022-06-17,bou-heurtma,Bou Heurtma,2.727,0.0,S2A_32SMF_20220617_0_L2A,0.05,5.0,54.5
2022-07-17,bou-heurtma,Bou Heurtma,2.323,0.0,S2A_32SMF_20220717_0_L2A,0.05,5.0,46.5
2022-08-26,bou-heurtma,Bou Heurtma,1.907,0.0,S2A_32SMF_20220826_0_L2A,0.05,5.0,38.1
2022-09-10,bou-heurtma,Bou Heurtma,1.682,0.0,S2B_32SMF_20220910_0_L2A,0.05,5.0,33.6
2022-10-20,bou-heurtma,Bou Heurtma,1.218,0.0,S2B_32SMF_20221020_0_L2A,0.05,5.0,24.4
2022-11-14,bou-heurtma,Bou Heurtma,1.052,0.0,S2A_32SMF_20221114_0_L2A,0.05,5.0,21.0
2022-12-04,bou-heurtma,Bou Heurtma,1.238,0.0,S2A_32SMF_20221204_0_L2A,0.05,5.0,24.8
2023-01-08,bou-heurtma,Bou Heurtma,1.349,0.0,S2B_32SMF_20230108_0_L2A,0.05,5.0,27.0
2023-02-22,bou-heurtma,Bou Heurtma,1.436,0.0,S2A_32SMF_20230222_0_L2A,0.05,5.0,28.7
2023-03-24,bou-heurtma,Bou Heurtma,1.451,0.0,S2A_32SMF_20230324_0_L2A,0.05,5.0,29.0
2023-04-08,bou-heurtma,Bou Heurtma,1.563,0.0,S2B_32SMF_20230408_0_L2A,0.05,5.0,31.3
2023-06-17,bou-heurtma,Bou Heurtma,1.755,0.0,S2B_32SMF_20230617_0_L2A,0.05,5.0,35.1
2023-07-27,bou-heurtma,Bou Heurtma,1.450,0.0,S2B_32SMF_20230727_0_L2A,0.05,5.0,29.0
2023-08-26,bou-heurtma,Bou Heurtma,1.385,0.0,S2B_32SMF_20230826_0_L2A,0.05,5.0,27.7
2023-09-10,bou-heurtma,Bou Heurtma,1.299,0.0,S2A_32SMF_20230910_1_L2A,0.05,5.0,26.0
2023-10-10,bou-heurtma,Bou Heurtma,1.215,0.0,S2A_32SMF_20231010_0_L2A,0.05,5.0,24.3
2023-11-14,bou-heurtma,Bou Heurtma,1.113,0.0,S2B_32SMF_20231114_0_L2A,0.05,5.0,22.3
2023-12-24,bou-heurtma,Bou Heurtma,0.705,26.8,S2B_32SMF_20231224_0_L2A,0.05,5.0,14.1
2024-01-28,bou-heurtma,Bou Heurtma,1.032,37.9,S2A_32SMF_20240128_0_L2A,0.05,5.0,20.6
2024-02-07,bou-heurtma,Bou Heurtma,2.685,0.0,S2A_32SMF_20240207_0_L2A,0.05,5.0,53.7
2024-03-23,bou-heurtma,Bou Heurtma,3.389,0.0,S2B_32SMF_20240323_0_L2A,0.05,5.0,67.8
2024-04-27,bou-heurtma,Bou Heurtma,3.257,0.0,S2A_32SMF_20240427_0_L2A,0.05,5.0,65.1
2024-05-12,bou-heurtma,Bou Heurtma,3.209,0.0,S2B_32SMF_20240512_0_L2A,0.05,5.0,64.2
2024-06-26,bou-heurtma,Bou Heurtma,3.030,0.0,S2A_32SMF_20240626_0_L2A,0.05,5.0,60.6
2024-07-31,bou-heurtma,Bou Heurtma,2.819,0.0,S2B_32SMF_20240731_0_L2A,0.05,5.0,56.4
2024-08-10,bou-heurtma,Bou Heurtma,2.777,0.0,S2B_32SMF_20240810_0_L2A,0.05,5.0,55.5
2024-09-04,bou-heurtma,Bou Heurtma,2.619,0.0,S2A_32SMF_20240904_0_L2A,0.05,5.0,52.4
2024-10-14,bou-heurtma,Bou Heurtma,2.535,0.2,S2A_32SMF_20241014_0_L2A,0.05,5.0,50.7
2024-11-03,bou-heurtma,Bou Heurtma,2.199,0.0,S2A_32SMF_20241103_0_L2A,0.05,5.0,44.0
2024-12-13,bou-heurtma,Bou Heurtma,2.180,0.0,S2A_32SMF_20241213_0_L2A,0.05,5.0,43.6
2025-02-16,bou-heurtma,Bou Heurtma,2.491,0.0,S2B_32SMF_20250216_0_L2A,0.05,5.0,49.8
2025-03-08,bou-heurtma,Bou Heurtma,2.497,0.1,S2B_32SMF_20250308_0_L2A,0.05,5.0,49.9
2025-04-24,bou-heurtma,Bou Heurtma,2.747,0.0,S2A_32SMF_20250424_0_L2A,0.05,5.0,54.9
2025-05-27,bou-heurtma,Bou Heurtma,2.860,0.0,S2B_32SMF_20250527_0_L2A,0.05,5.0,57.2
2025-06-21,bou-heurtma,Bou Heurtma,2.743,0.0,S2C_32SMF_20250621_0_L2A,0.05,5.0,54.9
2025-07-23,bou-heurtma,Bou Heurtma,2.498,0.0,S2A_32SMF_20250723_0_L2A,0.05,5.0,50.0
2025-08-12,bou-heurtma,Bou Heurtma,2.348,0.0,S2A_32SMF_20250812_0_L2A,0.05,5.0,47.0
2025-09-01,bou-heurtma,Bou Heurtma,2.212,0.0,S2A_32SMF_20250901_0_L2A,0.05,5.0,44.2
2025-10-21,bou-heurtma,Bou Heurtma,1.947,0.0,S2A_32SMF_20251021_0_L2A,0.05,5.0,38.9
2025-11-30,bou-heurtma,Bou Heurtma,1.887,0.0,S2A_32SMF_20251130_0_L2A,0.05,5.0,37.7
2025-12-08,bou-heurtma,Bou Heurtma,2.019,0.0,S2C_32SMF_20251208_0_L2A,0.05,5.0,40.4
2026-01-09,bou-heurtma,Bou Heurtma,2.045,0.0,S2A_32SMF_20260109_0_L2A,0.05,5.0,40.9
2026-02-26,bou-heurtma,Bou Heurtma,3.498,0.0,S2C_32SMF_20260226_0_L2A,0.05,5.0,70.0
2026-03-18,bou-heurtma,Bou Heurtma,3.589,0.5,S2C_32SMF_20260318_0_L2A,0.05,5.0,71.8
2026-04-07,bou-heurtma,Bou Heurtma,4.994,0.0,S2C_32SMF_20260407_0_L2A,0.05,5.0,99.9
2026-05-19,bou-heurtma,Bou Heurtma,5.063,0.0,S2A_32SMF_20260519_1_L2A,0.05,5.0,101.3
2026-06-21,bou-heurtma,Bou Heurtma,5.029,0.0,S2B_32SMF_20260621_0_L2A,0.05,5.0,100.6
2026-07-18,bou-heurtma,Bou Heurtma,1.748,0.0,S2A_32SMF_20260718_0_L2A,0.05,5.0,35.0
2026-08-20,bou-heurtma,Bou Heurtma,4.489,0.0,S2B_32SMF_20260820_0_L2A,0.05,5.0,89.8
2022-01-28,barbara,Barbara,0.112,10.5,S2A_32SMF_20220128_0_L2A,0.05,4.0,2.8
2022-02-07,barbara,Barbara,,76.5,S2A_32SMF_20220207_0_L2A,0.05,4.0,
2022-03-14,barbara,Barbara,0.111,0.0,S2B_32SMF_20220314_0_L2A,0.05,4.0,2.8
2022-04-08,barbara,Barbara,0.113,0.0,S2A_32SMF_20220408_0_L2A,0.05,4.0,2.8
2022-05-23,barbara,Barbara,0.111,0.0,S2B_32SMF_20220523_0_L2A,0.05,4.0,2.8
2022-06-17,barbara,Barbara,0.114,0.0,S2A_32SMF_20220617_0_L2A,0.05,4.0,2.9
2022-07-17,barbara,Barbara,0.107,0.0,S2A_32SMF_20220717_0_L2A,0.05,4.0,2.7
2022-08-26,barbara,Barbara,0.092,0.0,S2A_32SMF_20220826_0_L2A,0.05,4.0,2.3
2022-09-10,barbara,Barbara,0.089,0.0,S2B_32SMF_20220910_0_L2A,0.05,4.0,2.2
2022-10-20,barbara,Barbara,0.080,0.0,S2B_32SMF_20221020_0_L2A,0.05,4.0,2.0
2022-11-14,barbara,Barbara,0.075,0.0,S2A_32SMF_20221114_0_L2A,0.05,4.0,1.9
2022-12-04,barbara,Barbara,0.081,0.0,S2A_32SMF_20221204_0_L2A,0.05,4.0,2.0
2023-01-08,barbara,Barbara,0.079,0.0,S2B_32SMF_20230108_0_L2A,0.05,4.0,2.0
2023-02-22,barbara,Barbara,0.092,0.0,S2A_32SMF_20230222_0_L2A,0.05,4.0,2.3
2023-03-24,barbara,Barbara,0.100,0.0,S2A_32SMF_20230324_0_L2A,0.05,4.0,2.5
2023-04-08,barbara,Barbara,0.102,0.0,S2B_32SMF_20230408_0_L2A,0.05,4.0,2.5
2023-06-17,barbara,Barbara,0.104,0.0,S2B_32SMF_20230617_0_L2A,0.05,4.0,2.6
2023-07-27,barbara,Barbara,0.094,0.0,S2B_32SMF_20230727_0_L2A,0.05,4.0,2.4
2023-08-26,barbara,Barbara,0.085,0.0,S2B_32SMF_20230826_0_L2A,0.05,4.0,2.1
2023-09-10,barbara,Barbara,0.081,0.0,S2A_32SMF_20230910_1_L2A,0.05,4.0,2.0
2023-10-10,barbara,Barbara,0.074,0.0,S2A_32SMF_20231010_0_L2A,0.05,4.0,1.8
2023-11-14,barbara,Barbara,0.068,0.0,S2B_32SMF_20231114_0_L2A,0.05,4.0,1.7
2023-12-24,barbara,Barbara,0.040,9.9,S2B_32SMF_20231224_0_L2A,0.05,4.0,1.0
2024-01-28,barbara,Barbara,,72.7,S2A_32SMF_20240128_0_L2A,0.05,4.0,
2024-02-07,barbara,Barbara,0.111,0.0,S2A_32SMF_20240207_0_L2A,0.05,4.0,2.8
2024-03-23,barbara,Barbara,0.115,2.2,S2B_32SMF_20240323_0_L2A,0.05,4.0,2.9
2024-04-27,barbara,Barbara,0.110,0.0,S2A_32SMF_20240427_0_L2A,0.05,4.0,2.7
2024-05-12,barbara,Barbara,0.113,0.0,S2B_32SMF_20240512_0_L2A,0.05,4.0,2.8
2024-06-26,barbara,Barbara,0.109,0.0,S2A_32SMF_20240626_0_L2A,0.05,4.0,2.7
2024-07-31,barbara,Barbara,0.102,0.0,S2B_32SMF_20240731_0_L2A,0.05,4.0,2.5
2024-08-10,barbara,Barbara,0.099,0.0,S2B_32SMF_20240810_0_L2A,0.05,4.0,2.5
2024-09-04,barbara,Barbara,0.090,3.1,S2A_32SMF_20240904_0_L2A,0.05,4.0,2.3
2024-10-14,barbara,Barbara,0.082,0.0,S2A_32SMF_20241014_0_L2A,0.05,4.0,2.0
2024-11-03,barbara,Barbara,0.078,0.0,S2A_32SMF_20241103_0_L2A,0.05,4.0,2.0
2024-12-13,barbara,Barbara,0.075,0.0,S2A_32SMF_20241213_0_L2A,0.05,4.0,1.9
2025-02-16,barbara,Barbara,0.110,12.4,S2B_32SMF_20250216_0_L2A,0.05,4.0,2.7
2025-03-08,barbara,Barbara,0.043,9.6,S2B_32SMF_20250308_0_L2A,0.05,4.0,1.1
2025-04-24,barbara,Barbara,0.113,12.8,S2A_32SMF_20250424_0_L2A,0.05,4.0,2.8
2025-05-27,barbara,Barbara,0.110,0.0,S2B_32SMF_20250527_0_L2A,0.05,4.0,2.8
2025-06-21,barbara,Barbara,0.109,0.0,S2C_32SMF_20250621_0_L2A,0.05,4.0,2.7
2025-07-23,barbara,Barbara,0.101,0.0,S2A_32SMF_20250723_0_L2A,0.05,4.0,2.5
2025-08-12,barbara,Barbara,0.095,0.0,S2A_32SMF_20250812_0_L2A,0.05,4.0,2.4
2025-09-01,barbara,Barbara,0.086,0.0,S2A_32SMF_20250901_0_L2A,0.05,4.0,2.1
2025-10-21,barbara,Barbara,0.075,0.0,S2A_32SMF_20251021_0_L2A,0.05,4.0,1.9
2025-11-30,barbara,Barbara,0.087,0.0,S2A_32SMF_20251130_0_L2A,0.05,4.0,2.2
2025-12-08,barbara,Barbara,0.096,0.0,S2C_32SMF_20251208_0_L2A,0.05,4.0,2.4
2026-01-09,barbara,Barbara,0.110,0.0,S2A_32SMF_20260109_0_L2A,0.05,4.0,2.7
2026-02-26,barbara,Barbara,0.102,0.0,S2C_32SMF_20260226_0_L2A,0.05,4.0,2.5
2026-03-18,barbara,Barbara,0.112,5.6,S2C_32SMF_20260318_0_L2A,0.05,4.0,2.8
2026-04-07,barbara,Barbara,0.113,0.0,S2C_32SMF_20260407_0_L2A,0.05,4.0,2.8
2026-05-19,barbara,Barbara,0.114,2.1,S2A_32SMF_20260519_1_L2A,0.05,4.0,2.8
2026-06-21,barbara,Barbara,0.109,0.0,S2B_32SMF_20260621_0_L2A,0.05,4.0,2.7
2026-07-18,barbara,Barbara,0.102,0.0,S2A_32SMF_20260718_0_L2A,0.05,4.0,2.5
2026-08-20,barbara,Barbara,0.092,0.0,S2B_32SMF_20260820_0_L2A,0.05,4.0,2.3
2022-01-28,mellegue,Mellegue (Nebeur),0.036,0.0,S2A_32SMF_20220128_0_L2A,0.05,8.0,0.4
2022-02-07,mellegue,Mellegue (Nebeur),,53.8,S2A_32SMF_20220207_0_L2A,0.05,8.0,
2022-03-14,mellegue,Mellegue (Nebeur),0.022,0.0,S2B_32SMF_20220314_0_L2A,0.05,8.0,0.3
2022-04-08,mellegue,Mellegue (Nebeur),0.011,0.0,S2A_32SMF_20220408_0_L2A,0.05,8.0,0.1
2022-05-23,mellegue,Mellegue (Nebeur),0.001,0.0,S2B_32SMF_20220523_0_L2A,0.05,8.0,0.0
2022-06-17,mellegue,Mellegue (Nebeur),0.002,0.0,S2A_32SMF_20220617_0_L2A,0.05,8.0,0.0
2022-07-17,mellegue,Mellegue (Nebeur),0.011,0.0,S2A_32SMF_20220717_0_L2A,0.05,8.0,0.1
2022-08-26,mellegue,Mellegue (Nebeur),0.002,0.0,S2A_32SMF_20220826_0_L2A,0.05,8.0,0.0
2022-09-10,mellegue,Mellegue (Nebeur),0.002,0.0,S2B_32SMF_20220910_0_L2A,0.05,8.0,0.0
2022-10-20,mellegue,Mellegue (Nebeur),0.002,0.0,S2B_32SMF_20221020_0_L2A,0.05,8.0,0.0
2022-11-14,mellegue,Mellegue (Nebeur),0.004,0.0,S2A_32SMF_20221114_0_L2A,0.05,8.0,0.1
2022-12-04,mellegue,Mellegue (Nebeur),0.008,0.0,S2A_32SMF_20221204_0_L2A,0.05,8.0,0.1
2023-01-08,mellegue,Mellegue (Nebeur),0.006,0.0,S2B_32SMF_20230108_0_L2A,0.05,8.0,0.1
2023-02-22,mellegue,Mellegue (Nebeur),0.000,0.0,S2A_32SMF_20230222_1_L2A,0.05,8.0,0.0
2023-03-24,mellegue,Mellegue (Nebeur),0.001,0.0,S2A_32SMF_20230324_0_L2A,0.05,8.0,0.0
2023-04-08,mellegue,Mellegue (Nebeur),0.002,0.0,S2B_32SMF_20230408_0_L2A,0.05,8.0,0.0
2023-06-17,mellegue,Mellegue (Nebeur),0.011,0.0,S2B_32SMF_20230617_0_L2A,0.05,8.0,0.1
2023-07-27,mellegue,Mellegue (Nebeur),0.024,0.0,S2B_32SMF_20230727_0_L2A,0.05,8.0,0.3
2023-08-26,mellegue,Mellegue (Nebeur),0.003,0.0,S2B_32SMF_20230826_0_L2A,0.05,8.0,0.0
2023-09-10,mellegue,Mellegue (Nebeur),0.006,0.0,S2A_32SMF_20230910_1_L2A,0.05,8.0,0.1
2023-10-10,mellegue,Mellegue (Nebeur),0.003,0.0,S2A_32SMF_20231010_0_L2A,0.05,8.0,0.0
2023-11-14,mellegue,Mellegue (Nebeur),0.003,0.0,S2B_32SMF_20231114_0_L2A,0.05,8.0,0.0
2023-12-24,mellegue,Mellegue (Nebeur),0.010,0.0,S2B_32SMF_20231224_0_L2A,0.05,8.0,0.1
2024-01-28,mellegue,Mellegue (Nebeur),0.007,1.1,S2A_32SMF_20240128_0_L2A,0.05,8.0,0.1
2024-02-07,mellegue,Mellegue (Nebeur),0.009,0.0,S2A_32SMF_20240207_0_L2A,0.05,8.0,0.1
2024-03-23,mellegue,Mellegue (Nebeur),0.004,0.0,S2B_32SMF_20240323_0_L2A,0.05,8.0,0.0
2024-04-27,mellegue,Mellegue (Nebeur),0.001,0.0,S2A_32SMF_20240427_0_L2A,0.05,8.0,0.0
2024-05-12,mellegue,Mellegue (Nebeur),0.002,0.0,S2B_32SMF_20240512_0_L2A,0.05,8.0,0.0
2024-06-26,mellegue,Mellegue (Nebeur),0.003,0.0,S2A_32SMF_20240626_0_L2A,0.05,8.0,0.0
2024-07-31,mellegue,Mellegue (Nebeur),0.002,0.0,S2B_32SMF_20240731_0_L2A,0.05,8.0,0.0
2024-08-10,mellegue,Mellegue (Nebeur),0.002,0.0,S2B_32SMF_20240810_0_L2A,0.05,8.0,0.0
2024-09-04,mellegue,Mellegue (Nebeur),0.004,0.0,S2A_32SMF_20240904_0_L2A,0.05,8.0,0.1
2024-10-14,mellegue,Mellegue (Nebeur),0.008,31.6,S2A_32SMF_20241014_0_L2A,0.05,8.0,0.1
2024-11-03,mellegue,Mellegue (Nebeur),0.015,0.0,S2A_32SMF_20241103_0_L2A,0.05,8.0,0.2
2024-12-13,mellegue,Mellegue (Nebeur),0.009,0.0,S2A_32SMF_20241213_0_L2A,0.05,8.0,0.1
2025-02-16,mellegue,Mellegue (Nebeur),0.014,0.0,S2B_32SMF_20250216_0_L2A,0.05,8.0,0.2
2025-03-08,mellegue,Mellegue (Nebeur),0.014,0.1,S2B_32SMF_20250308_0_L2A,0.05,8.0,0.2
2025-04-24,mellegue,Mellegue (Nebeur),0.547,1.0,S2A_32SMF_20250424_0_L2A,0.05,8.0,6.8
2025-05-27,mellegue,Mellegue (Nebeur),0.007,0.0,S2B_32SMF_20250527_0_L2A,0.05,8.0,0.1
2025-06-21,mellegue,Mellegue (Nebeur),0.004,0.0,S2C_32SMF_20250621_0_L2A,0.05,8.0,0.0
2025-07-23,mellegue,Mellegue (Nebeur),0.004,0.0,S2A_32SMF_20250723_0_L2A,0.05,8.0,0.0
2025-08-12,mellegue,Mellegue (Nebeur),0.004,0.0,S2A_32SMF_20250812_0_L2A,0.05,8.0,0.0
2025-09-01,mellegue,Mellegue (Nebeur),0.006,0.0,S2A_32SMF_20250901_0_L2A,0.05,8.0,0.1
2025-10-21,mellegue,Mellegue (Nebeur),0.008,0.0,S2A_32SMF_20251021_0_L2A,0.05,8.0,0.1
2025-11-30,mellegue,Mellegue (Nebeur),0.009,0.0,S2A_32SMF_20251130_0_L2A,0.05,8.0,0.1
2025-12-08,mellegue,Mellegue (Nebeur),0.015,0.0,S2C_32SMF_20251208_0_L2A,0.05,8.0,0.2
2026-01-09,mellegue,Mellegue (Nebeur),0.008,0.0,S2A_32SMF_20260109_0_L2A,0.05,8.0,0.1
2026-02-26,mellegue,Mellegue (Nebeur),0.010,0.0,S2C_32SMF_20260226_0_L2A,0.05,8.0,0.1
2026-03-18,mellegue,Mellegue (Nebeur),0.017,0.0,S2C_32SMF_20260318_0_L2A,0.05,8.0,0.2
2026-04-07,mellegue,Mellegue (Nebeur),0.020,0.0,S2C_32SMF_20260407_0_L2A,0.05,8.0,0.2
2026-05-19,mellegue,Mellegue (Nebeur),0.008,0.0,S2A_32SMF_20260519_1_L2A,0.05,8.0,0.1
2026-06-21,mellegue,Mellegue (Nebeur),0.173,0.0,S2B_32SMF_20260621_0_L2A,0.05,8.0,2.2
2026-07-18,mellegue,Mellegue (Nebeur),0.005,0.0,S2A_32SMF_20260718_0_L2A,0.05,8.0,0.1
2026-08-20,mellegue,Mellegue (Nebeur),0.001,0.0,S2B_32SMF_20260820_0_L2A,0.05,8.0,0.0
2022-01-28,sarrat,Sarrat,0.057,0.0,S2A_32SME_20220128_0_L2A,0.05,2.0,2.9
2022-02-07,sarrat,Sarrat,0.056,0.0,S2A_32SME_20220207_0_L2A,0.05,2.0,2.8
2022-03-14,sarrat,Sarrat,0.062,0.0,S2B_32SME_20220314_0_L2A,0.05,2.0,3.1
2022-04-08,sarrat,Sarrat,0.134,0.0,S2A_32SMF_20220408_0_L2A,0.05,2.0,6.7
2022-05-23,sarrat,Sarrat,0.069,0.0,S2B_32SMF_20220523_0_L2A,0.05,2.0,3.4
2022-06-12,sarrat,Sarrat,0.042,0.0,S2B_32SME_20220612_0_L2A,0.05,2.0,2.1
2022-07-17,sarrat,Sarrat,0.046,0.0,S2A_32SME_20220717_0_L2A,0.05,2.0,2.3
2022-08-21,sarrat,Sarrat,0.042,0.0,S2B_32SME_20220821_0_L2A,0.05,2.0,2.1
2022-09-15,sarrat,Sarrat,0.029,0.0,S2A_32SME_20220915_0_L2A,0.05,2.0,1.5
2022-10-15,sarrat,Sarrat,0.011,0.0,S2A_32SME_20221015_0_L2A,0.05,2.0,0.6
2022-11-14,sarrat,Sarrat,0.031,0.0,S2A_32SME_20221114_0_L2A,0.05,2.0,1.6
2022-12-04,sarrat,Sarrat,0.063,0.0,S2A_32SMF_20221204_0_L2A,0.05,2.0,3.2
2023-01-08,sarrat,Sarrat,0.060,0.0,S2B_32SMF_20230108_0_L2A,0.05,2.0,3.0
2023-02-22,sarrat,Sarrat,0.025,0.0,S2A_32SME_20230222_0_L2A,0.05,2.0,1.3
2023-03-24,sarrat,Sarrat,0.030,0.0,S2A_32SME_20230324_0_L2A,0.05,2.0,1.5
2023-04-08,sarrat,Sarrat,0.085,2.4,S2B_32SMF_20230408_0_L2A,0.05,2.0,4.2
2023-05-18,sarrat,Sarrat,0.061,0.7,S2B_32SME_20230518_0_L2A,0.05,2.0,3.1
2023-06-17,sarrat,Sarrat,0.171,0.0,S2B_32SME_20230617_0_L2A,0.05,2.0,8.6
2023-07-02,sarrat,Sarrat,0.133,0.0,S2A_32SME_20230702_0_L2A,0.05,2.0,6.7
2023-08-11,sarrat,Sarrat,0.016,0.0,S2A_32SME_20230811_0_L2A,0.05,2.0,0.8
2023-09-10,sarrat,Sarrat,0.102,0.0,S2A_32SMF_20230910_1_L2A,0.05,2.0,5.1
2023-10-10,sarrat,Sarrat,0.046,0.0,S2A_32SME_20231010_0_L2A,0.05,2.0,2.3
2023-11-19,sarrat,Sarrat,0.038,0.0,S2A_32SME_20231119_0_L2A,0.05,2.0,1.9
2023-12-24,sarrat,Sarrat,0.042,0.0,S2B_32SME_20231224_0_L2A,0.05,2.0,2.1
2024-01-03,sarrat,Sarrat,0.031,19.9,S2B_32SME_20240103_0_L2A,0.05,2.0,1.5
2024-02-07,sarrat,Sarrat,0.037,0.0,S2A_32SME_20240207_0_L2A,0.05,2.0,1.9
2024-03-23,sarrat,Sarrat,0.036,0.0,S2B_32SME_20240323_0_L2A,0.05,2.0,1.8
2024-04-27,sarrat,Sarrat,0.091,0.0,S2A_32SMF_20240427_0_L2A,0.05,2.0,4.5
2024-05-27,sarrat,Sarrat,0.000,1.1,S2A_32SME_20240527_0_L2A,0.05,2.0,0.0
2024-06-26,sarrat,Sarrat,0.027,0.0,S2A_32SME_20240626_0_L2A,0.05,2.0,1.3
2024-07-11,sarrat,Sarrat,0.014,0.0,S2B_32SME_20240711_0_L2A,0.05,2.0,0.7
2024-08-05,sarrat,Sarrat,0.018,0.0,S2A_32SME_20240805_0_L2A,0.05,2.0,0.9
2024-09-04,sarrat,Sarrat,0.001,0.0,S2A_32SME_20240904_0_L2A,0.05,2.0,0.0
2024-10-14,sarrat,Sarrat,0.038,32.5,S2A_32SME_20241014_0_L2A,0.05,2.0,1.9
2024-11-03,sarrat,Sarrat,0.074,0.0,S2A_32SMF_20241103_0_L2A,0.05,2.0,3.7
2024-12-13,sarrat,Sarrat,0.029,0.0,S2C_32SME_20241213_1_L2A,0.05,2.0,1.4
2025-01-07,sarrat,Sarrat,0.002,45.7,S2B_32SME_20250107_0_L2A,0.05,2.0,0.1
2025-02-11,sarrat,Sarrat,0.087,0.0,S2C_32SME_20250211_0_L2A,0.05,2.0,4.4
2025-03-08,sarrat,Sarrat,0.000,0.1,S2B_32SMF_20250308_0_L2A,0.05,2.0,0.0
2025-04-24,sarrat,Sarrat,0.001,0.0,S2A_32SME_20250424_0_L2A,0.05,2.0,0.0
2025-05-27,sarrat,Sarrat,0.076,0.0,S2B_32SME_20250527_0_L2A,0.05,2.0,3.8
2025-06-03,sarrat,Sarrat,0.045,0.0,S2A_32SME_20250603_0_L2A,0.05,2.0,2.3
2025-07-23,sarrat,Sarrat,0.018,0.0,S2A_32SME_20250723_0_L2A,0.05,2.0,0.9
2025-08-05,sarrat,Sarrat,0.022,0.0,S2B_32SME_20250805_0_L2A,0.05,2.0,1.1
2025-09-01,sarrat,Sarrat,0.053,0.0,S2A_32SMF_20250901_0_L2A,0.05,2.0,2.6
2025-10-24,sarrat,Sarrat,0.083,22.5,S2B_32SME_20251024_0_L2A,0.05,2.0,4.2
2025-11-30,sarrat,Sarrat,0.097,0.0,S2A_32SME_20251130_0_L2A,0.05,2.0,4.9
2025-12-28,sarrat,Sarrat,0.068,0.0,S2C_32SME_20251228_0_L2A,0.05,2.0,3.4
2026-01-09,sarrat,Sarrat,0.078,0.0,S2A_32SME_20260109_0_L2A,0.05,2.0,3.9
2026-02-26,sarrat,Sarrat,0.096,0.0,S2C_32SMF_20260226_0_L2A,0.05,2.0,4.8
2026-03-18,sarrat,Sarrat,0.000,0.0,S2C_32SME_20260318_0_L2A,0.05,2.0,0.0
2026-04-07,sarrat,Sarrat,0.079,0.0,S2C_32SME_20260407_0_L2A,0.05,2.0,3.9
2026-05-19,sarrat,Sarrat,0.080,0.7,S2A_32SMF_20260519_1_L2A,0.05,2.0,4.0
2026-06-21,sarrat,Sarrat,0.000,0.0,S2B_32SME_20260621_0_L2A,0.05,2.0,0.0
2026-07-08,sarrat,Sarrat,0.043,0.0,S2A_32SME_20260708_0_L2A,0.05,2.0,2.1
2026-08-25,sarrat,Sarrat,0.010,0.0,S2C_32SME_20260825_0_L2A,0.05,2.0,0.5
2022-01-30,siliana,Siliana,0.001,0.0,S2B_32SNE_20220130_0_L2A,0.05,3.0,0.0
2022-02-09,siliana,Siliana,0.003,0.0,S2B_32SNF_20220209_0_L2A,0.05,3.0,0.1
2022-03-29,siliana,Siliana,0.229,29.0,S2A_32SNE_20220329_0_L2A,0.05,3.0,7.6
2022-04-08,siliana,Siliana,1.208,0.0,S2A_32SNE_20220408_0_L2A,0.05,3.0,40.3
2022-05-23,siliana,Siliana,1.167,0.0,S2B_32SNE_20220523_0_L2A,0.05,3.0,38.9
2022-06-24,siliana,Siliana,0.000,0.0,S2A_32SNE_20220624_0_L2A,0.05,3.0,0.0
2022-07-19,siliana,Siliana,0.000,0.0,S2B_32SNE_20220719_0_L2A,0.05,3.0,0.0
2022-08-13,siliana,Siliana,0.000,0.0,S2A_32SNE_20220813_0_L2A,0.05,3.0,0.0
2022-09-15,siliana,Siliana,0.506,0.0,S2A_32SNE_20220915_0_L2A,0.05,3.0,16.9
2022-10-20,siliana,Siliana,0.539,0.0,S2B_32SNE_20221020_0_L2A,0.05,3.0,18.0
2022-11-21,siliana,Siliana,0.000,0.0,S2A_32SNE_20221121_0_L2A,0.05,3.0,0.0
2022-12-26,siliana,Siliana,0.002,0.0,S2B_32SNE_20221226_0_L2A,0.05,3.0,0.1
2023-01-08,siliana,Siliana,1.222,0.0,S2B_32SNF_20230108_0_L2A,0.05,3.0,40.7
2023-02-22,siliana,Siliana,0.552,0.0,S2A_32SNE_20230222_0_L2A,0.05,3.0,18.4
2023-03-24,siliana,Siliana,0.538,0.0,S2A_32SNE_20230324_0_L2A,0.05,3.0,17.9
2023-04-08,siliana,Siliana,0.528,0.0,S2B_32SNE_20230408_0_L2A,0.05,3.0,17.6
2023-05-18,siliana,Siliana,0.163,42.0,S2B_32SNE_20230518_0_L2A,0.05,3.0,5.4
2023-06-27,siliana,Siliana,0.299,0.6,S2B_32SNE_20230627_0_L2A,0.05,3.0,10.0
2023-07-24,siliana,Siliana,0.000,0.0,S2B_32SNE_20230724_0_L2A,0.05,3.0,0.0
2023-08-13,siliana,Siliana,0.000,0.0,S2B_32SNE_20230813_0_L2A,0.05,3.0,0.0
2023-09-17,siliana,Siliana,0.000,0.0,S2A_32SNE_20230917_0_L2A,0.05,3.0,0.0
2023-10-12,siliana,Siliana,0.000,0.0,S2B_32SNE_20231012_0_L2A,0.05,3.0,0.0
2023-11-14,siliana,Siliana,0.559,0.0,S2B_32SNE_20231114_0_L2A,0.05,3.0,18.7
2023-12-26,siliana,Siliana,0.000,0.0,S2A_32SNE_20231226_0_L2A,0.05,3.0,0.0
2024-01-25,siliana,Siliana,0.000,0.0,S2A_32SNF_20240125_0_L2A,0.05,3.0,0.0
2024-02-04,siliana,Siliana,0.000,0.0,S2A_32SNE_20240204_0_L2A,0.05,3.0,0.0
2024-03-20,siliana,Siliana,0.003,0.0,S2B_32SNE_20240320_0_L2A,0.05,3.0,0.1
2024-04-04,siliana,Siliana,0.000,0.0,S2A_32SNE_20240404_1_L2A,0.05,3.0,0.0
2024-05-27,siliana,Siliana,1.083,0.0,S2A_32SNF_20240527_1_L2A,0.05,3.0,36.1
2024-06-06,siliana,Siliana,0.687,0.0,S2A_32SNE_20240606_0_L2A,0.05,3.0,22.9
2024-07-11,siliana,Siliana,0.617,0.0,S2B_32SNE_20240711_0_L2A,0.05,3.0,20.6
2024-08-12,siliana,Siliana,0.000,0.0,S2A_32SNE_20240812_0_L2A,0.05,3.0,0.0
2024-09-01,siliana,Siliana,0.000,0.0,S2A_32SNE_20240901_0_L2A,0.05,3.0,0.0
2024-10-01,siliana,Siliana,0.001,0.0,S2A_32SNE_20241001_0_L2A,0.05,3.0,0.0
2024-11-25,siliana,Siliana,0.003,0.0,S2B_32SNF_20241125_0_L2A,0.05,3.0,0.1
2024-12-18,siliana,Siliana,0.614,0.0,S2B_32SNE_20241218_0_L2A,0.05,3.0,20.5
2025-01-24,siliana,Siliana,0.002,0.0,S2B_32SNF_20250124_0_L2A,0.05,3.0,0.1
2025-02-18,siliana,Siliana,0.008,0.0,S2C_32SNE_20250218_0_L2A,0.05,3.0,0.3
2025-03-15,siliana,Siliana,0.001,0.0,S2B_32SNF_20250315_0_L2A,0.05,3.0,0.0
2025-04-04,siliana,Siliana,0.002,0.0,S2B_32SNE_20250404_0_L2A,0.05,3.0,0.1
2025-05-27,siliana,Siliana,0.848,0.0,S2B_32SNE_20250527_0_L2A,0.05,3.0,28.2
2025-06-13,siliana,Siliana,0.002,0.0,S2B_32SNE_20250613_1_L2A,0.05,3.0,0.0
2025-07-23,siliana,Siliana,0.797,0.0,S2A_32SNE_20250723_0_L2A,0.05,3.0,26.6
2025-08-05,siliana,Siliana,0.797,0.0,S2B_32SNE_20250805_0_L2A,0.05,3.0,26.6
2025-09-01,siliana,Siliana,0.002,0.0,S2B_32SNE_20250901_1_L2A,0.05,3.0,0.1
2025-10-08,siliana,Siliana,0.000,0.0,S2A_32SNE_20251008_0_L2A,0.05,3.0,0.0
2025-11-30,siliana,Siliana,0.868,0.0,S2A_32SNE_20251130_1_L2A,0.05,3.0,28.9
2025-12-28,siliana,Siliana,0.918,0.0,S2C_32SNE_20251228_0_L2A,0.05,3.0,30.6
2026-01-09,siliana,Siliana,0.978,0.0,S2A_32SNE_20260109_0_L2A,0.05,3.0,32.6
2026-02-26,siliana,Siliana,1.982,0.0,S2C_32SNF_20260226_0_L2A,0.05,3.0,66.0
2026-03-18,siliana,Siliana,1.134,0.0,S2C_32SNE_20260318_0_L2A,0.05,3.0,37.8
2026-04-07,siliana,Siliana,1.121,0.0,S2C_32SNE_20260407_0_L2A,0.05,3.0,37.4
2026-05-19,siliana,Siliana,1.527,0.5,S2A_32SNF_20260519_2_L2A,0.05,3.0,50.9
2026-06-28,siliana,Siliana,1.123,0.0,S2A_32SNE_20260628_1_L2A,0.05,3.0,37.4
2026-07-16,siliana,Siliana,1.074,0.0,S2C_32SNE_20260716_0_L2A,0.05,3.0,35.8
2026-08-20,siliana,Siliana,1.134,0.0,S2B_32SNE_20260820_0_L2A,0.05,3.0,37.8
2022-01-28,lakhmess,Lakhmess,0.000,19.5,S2A_32SNF_20220128_0_L2A,0.05,1.0,0.0
2022-02-07,lakhmess,Lakhmess,0.017,16.9,S2A_32SNE_20220207_0_L2A,0.05,1.0,1.7
2022-03-29,lakhmess,Lakhmess,0.000,0.0,S2A_32SNE_20220329_0_L2A,0.05,1.0,0.0
2022-04-08,lakhmess,Lakhmess,0.039,0.0,S2A_32SNE_20220408_0_L2A,0.05,1.0,3.9
2022-05-23,lakhmess,Lakhmess,0.014,0.0,S2B_32SNE_20220523_0_L2A,0.05,1.0,1.4
2022-06-12,lakhmess,Lakhmess,0.011,0.0,S2B_32SNE_20220612_0_L2A,0.05,1.0,1.1
2022-07-17,lakhmess,Lakhmess,0.000,0.0,S2A_32SNF_20220717_0_L2A,0.05,1.0,0.0
2022-08-26,lakhmess,Lakhmess,0.000,0.0,S2A_32SNF_20220826_0_L2A,0.05,1.0,0.0
2022-09-15,lakhmess,Lakhmess,0.009,0.0,S2A_32SNE_20220915_0_L2A,0.05,1.0,0.9
2022-10-20,lakhmess,Lakhmess,0.000,0.0,S2B_32SNE_20221020_0_L2A,0.05,1.0,0.0
2022-11-14,lakhmess,Lakhmess,0.000,0.0,S2A_32SNE_20221114_0_L2A,0.05,1.0,0.0
2022-12-04,lakhmess,Lakhmess,0.000,0.0,S2A_32SNF_20221204_0_L2A,0.05,1.0,0.0
2023-01-08,lakhmess,Lakhmess,0.000,0.0,S2B_32SNF_20230108_0_L2A,0.05,1.0,0.0
2023-02-22,lakhmess,Lakhmess,0.000,0.0,S2A_32SNE_20230222_0_L2A,0.05,1.0,0.0
2023-03-24,lakhmess,Lakhmess,0.000,0.0,S2A_32SNE_20230324_0_L2A,0.05,1.0,0.0
2023-04-08,lakhmess,Lakhmess,0.000,0.0,S2B_32SNE_20230408_0_L2A,0.05,1.0,0.0
2023-05-18,lakhmess,Lakhmess,0.000,13.8,S2B_32SNE_20230518_0_L2A,0.05,1.0,0.0
2023-06-27,lakhmess,Lakhmess,0.025,0.0,S2B_32SNE_20230627_0_L2A,0.05,1.0,2.5
2023-07-27,lakhmess,Lakhmess,0.024,0.0,S2B_32SNE_20230727_0_L2A,0.05,1.0,2.4
2023-08-26,lakhmess,Lakhmess,0.015,0.0,S2B_32SNE_20230826_0_L2A,0.05,1.0,1.5
2023-09-10,lakhmess,Lakhmess,0.000,0.0,S2A_32SNF_20230910_1_L2A,0.05,1.0,0.0
2023-10-10,lakhmess,Lakhmess,0.000,0.0,S2A_32SNE_20231010_0_L2A,0.05,1.0,0.0
2023-11-14,lakhmess,Lakhmess,0.001,0.0,S2B_32SNE_20231114_0_L2A,0.05,1.0,0.1
2023-12-24,lakhmess,Lakhmess,0.025,0.0,S2B_32SNE_20231224_0_L2A,0.05,1.0,2.5
2024-01-18,lakhmess,Lakhmess,0.024,35.6,S2A_32SNE_20240118_0_L2A,0.05,1.0,2.4
2024-02-07,lakhmess,Lakhmess,0.025,0.0,S2A_32SNE_20240207_0_L2A,0.05,1.0,2.5
2024-03-13,lakhmess,Lakhmess,0.025,0.0,S2B_32SNE_20240313_0_L2A,0.05,1.0,2.5
2024-04-27,lakhmess,Lakhmess,0.000,0.0,S2A_32SNF_20240427_0_L2A,0.05,1.0,0.0
2024-05-27,lakhmess,Lakhmess,0.000,0.0,S2A_32SNF_20240527_1_L2A,0.05,1.0,0.0
2024-06-06,lakhmess,Lakhmess,0.000,0.0,S2A_32SNE_20240606_0_L2A,0.05,1.0,0.0
2024-07-11,lakhmess,Lakhmess,0.000,0.0,S2B_32SNE_20240711_0_L2A,0.05,1.0,0.0
2024-08-05,lakhmess,Lakhmess,0.000,0.0,S2A_32SNE_20240805_0_L2A,0.05,1.0,0.0
2024-09-29,lakhmess,Lakhmess,0.000,7.4,S2B_32SNF_20240929_0_L2A,0.05,1.0,0.0
2024-10-04,lakhmess,Lakhmess,0.000,1.6,S2A_32SNF_20241004_0_L2A,0.05,1.0,0.0
2024-11-03,lakhmess,Lakhmess,0.000,0.0,S2A_32SNF_20241103_0_L2A,0.05,1.0,0.0
2024-12-18,lakhmess,Lakhmess,0.000,0.0,S2B_32SNE_20241218_0_L2A,0.05,1.0,0.0
2025-01-07,lakhmess,Lakhmess,0.000,0.0,S2B_32SNE_20250107_0_L2A,0.05,1.0,0.0
2025-02-16,lakhmess,Lakhmess,0.000,25.0,S2B_32SNF_20250216_0_L2A,0.05,1.0,0.0
2025-03-15,lakhmess,Lakhmess,0.000,0.0,S2A_32SNF_20250315_1_L2A,0.05,1.0,0.0
2025-04-04,lakhmess,Lakhmess,0.001,0.0,S2A_32SNE_20250404_1_L2A,0.05,1.0,0.1
2025-05-27,lakhmess,Lakhmess,0.000,0.0,S2B_32SNE_20250527_0_L2A,0.05,1.0,0.0
2025-06-26,lakhmess,Lakhmess,0.000,0.0,S2B_32SNE_20250626_0_L2A,0.05,1.0,0.0
2025-07-23,lakhmess,Lakhmess,0.000,0.0,S2A_32SNE_20250723_0_L2A,0.05,1.0,0.0
2025-08-05,lakhmess,Lakhmess,0.000,0.0,S2B_32SNE_20250805_0_L2A,0.05,1.0,0.0
2025-09-01,lakhmess,Lakhmess,0.000,0.0,S2A_32SNF_20250901_0_L2A,0.05,1.0,0.0
2025-10-21,lakhmess,Lakhmess,0.000,0.0,S2A_32SNF_20251021_0_L2A,0.05,1.0,0.0
2025-11-30,lakhmess,Lakhmess,0.000,0.0,S2A_32SNE_20251130_1_L2A,0.05,1.0,0.0
2025-12-28,lakhmess,Lakhmess,0.000,0.0,S2C_32SNE_20251228_0_L2A,0.05,1.0,0.0
2026-01-09,lakhmess,Lakhmess,0.000,0.0,S2A_32SNE_20260109_0_L2A,0.05,1.0,0.0
2026-02-26,lakhmess,Lakhmess,0.000,0.0,S2C_32SNF_20260226_0_L2A,0.05,1.0,0.0
2026-03-18,lakhmess,Lakhmess,0.009,0.0,S2C_32SNE_20260318_0_L2A,0.05,1.0,0.9
2026-04-07,lakhmess,Lakhmess,0.014,0.0,S2C_32SNE_20260407_0_L2A,0.05,1.0,1.4
2026-05-19,lakhmess,Lakhmess,0.000,0.0,S2A_32SNF_20260519_2_L2A,0.05,1.0,0.0
2026-06-28,lakhmess,Lakhmess,0.006,0.0,S2A_32SNE_20260628_1_L2A,0.05,1.0,0.6
2026-07-16,lakhmess,Lakhmess,0.000,0.0,S2C_32SNE_20260716_0_L2A,0.05,1.0,0.0
2026-08-20,lakhmess,Lakhmess,0.006,0.0,S2B_32SNE_20260820_0_L2A,0.05,1.0,0.6
2022-01-30,rmil,Rmil,3.712,0.8,S2B_32SNF_20220130_1_L2A,0.05,1.5,247.5
2022-02-09,rmil,Rmil,3.914,0.0,S2B_32SNF_20220209_0_L2A,0.05,1.5,261.0
2022-03-24,rmil,Rmil,3.985,0.4,S2B_32SNF_20220324_0_L2A,0.05,1.5,265.6
2022-04-08,rmil,Rmil,3.991,0.0,S2A_32SNF_20220408_0_L2A,0.05,1.5,266.1
2022-05-15,rmil,Rmil,4.000,0.0,S2A_32SNF_20220515_0_L2A,0.05,1.5,266.7
2022-06-24,rmil,Rmil,3.571,0.0,S2A_32SNF_20220624_0_L2A,0.05,1.5,238.0
2022-07-17,rmil,Rmil,3.537,0.0,S2A_32SNF_20220717_0_L2A,0.05,1.5,235.8
2022-08-26,rmil,Rmil,3.266,0.0,S2A_32SNF_20220826_0_L2A,0.05,1.5,217.8
2022-09-10,rmil,Rmil,3.097,0.0,S2B_32SNF_20220910_0_L2A,0.05,1.5,206.5
2022-10-20,rmil,Rmil,2.926,0.0,S2B_32SNF_20221020_0_L2A,0.05,1.5,195.1
2022-11-14,rmil,Rmil,2.878,0.0,S2A_32SNF_20221114_0_L2A,0.05,1.5,191.9
2022-12-04,rmil,Rmil,2.814,0.0,S2A_32SNF_20221204_0_L2A,0.05,1.5,187.6
2023-01-08,rmil,Rmil,2.885,0.0,S2B_32SNF_20230108_0_L2A,0.05,1.5,192.3
2023-02-19,rmil,Rmil,2.890,0.0,S2A_32SNF_20230219_0_L2A,0.05,1.5,192.7
2023-03-24,rmil,Rmil,2.809,0.0,S2A_32SNF_20230324_0_L2A,0.05,1.5,187.3
2023-04-08,rmil,Rmil,2.789,0.0,S2B_32SNF_20230408_0_L2A,0.05,1.5,186.0
2023-05-28,rmil,Rmil,2.534,0.0,S2B_32SNF_20230528_0_L2A,0.05,1.5,168.9
2023-06-22,rmil,Rmil,0.994,1.3,S2A_32SNF_20230622_1_L2A,0.05,1.5,66.2
2023-07-14,rmil,Rmil,1.817,0.0,S2B_32SNF_20230714_0_L2A,0.05,1.5,121.2
2023-08-23,rmil,Rmil,2.480,0.0,S2B_32SNF_20230823_0_L2A,0.05,1.5,165.3
2023-09-10,rmil,Rmil,2.372,0.0,S2A_32SNF_20230910_1_L2A,0.05,1.5,158.1
2023-10-10,rmil,Rmil,2.190,0.0,S2A_32SNF_20231010_0_L2A,0.05,1.5,146.0
2023-11-14,rmil,Rmil,2.088,0.0,S2B_32SNF_20231114_0_L2A,0.05,1.5,139.2
2023-12-26,rmil,Rmil,2.869,0.0,S2A_32SNF_20231226_0_L2A,0.05,1.5,191.2
2024-01-25,rmil,Rmil,2.770,0.0,S2A_32SNF_20240125_0_L2A,0.05,1.5,184.6
2024-02-04,rmil,Rmil,2.755,0.0,S2A_32SNF_20240204_0_L2A,0.05,1.5,183.7
2024-03-30,rmil,Rmil,0.390,0.0,S2B_32SNF_20240330_0_L2A,0.05,1.5,26.0
2024-04-04,rmil,Rmil,2.706,0.0,S2A_32SNF_20240404_1_L2A,0.05,1.5,180.4
2024-05-12,rmil,Rmil,2.659,0.0,S2B_32SNF_20240512_0_L2A,0.05,1.5,177.3
2024-06-26,rmil,Rmil,2.371,0.0,S2A_32SNF_20240626_0_L2A,0.05,1.5,158.1
2024-07-31,rmil,Rmil,2.075,0.0,S2B_32SNF_20240731_0_L2A,0.05,1.5,138.3
2024-08-25,rmil,Rmil,0.023,0.0,S2A_32SNF_20240825_0_L2A,0.05,1.5,1.5
2024-09-01,rmil,Rmil,0.000,0.0,S2A_32SNF_20240901_0_L2A,0.05,1.5,0.0
2024-10-01,rmil,Rmil,1.922,0.0,S2A_32SNF_20241001_0_L2A,0.05,1.5,128.1
2024-11-25,rmil,Rmil,1.987,0.0,S2B_32SNF_20241125_0_L2A,0.05,1.5,132.5
2024-12-10,rmil,Rmil,2.036,0.0,S2A_32SNF_20241210_0_L2A,0.05,1.5,135.7
2025-01-24,rmil,Rmil,2.219,0.0,S2B_32SNF_20250124_0_L2A,0.05,1.5,147.9
2025-02-18,rmil,Rmil,2.447,0.0,S2C_32SNF_20250218_0_L2A,0.05,1.5,163.2
2025-03-15,rmil,Rmil,0.000,0.0,S2B_32SNF_20250315_0_L2A,0.05,1.5,0.0
2025-04-19,rmil,Rmil,2.451,0.0,S2C_32SNF_20250419_0_L2A,0.05,1.5,163.4
2025-05-31,rmil,Rmil,2.430,0.0,S2A_32SNF_20250531_0_L2A,0.05,1.5,162.0
2025-06-13,rmil,Rmil,2.392,0.0,S2B_32SNF_20250613_1_L2A,0.05,1.5,159.5
2025-07-23,rmil,Rmil,2.011,0.0,S2A_32SNF_20250723_0_L2A,0.05,1.5,134.0
2025-08-25,rmil,Rmil,1.924,0.0,S2B_32SNF_20250825_0_L2A,0.05,1.5,128.2
2025-09-01,rmil,Rmil,1.944,0.0,S2A_32SNF_20250901_0_L2A,0.05,1.5,129.6
2025-10-08,rmil,Rmil,1.806,0.0,S2A_32SNF_20251008_0_L2A,0.05,1.5,120.4
2025-11-30,rmil,Rmil,1.606,0.0,S2A_32SNF_20251130_1_L2A,0.05,1.5,107.1
2025-12-08,rmil,Rmil,1.613,0.0,S2C_32SNF_20251208_0_L2A,0.05,1.5,107.6
2026-01-09,rmil,Rmil,1.645,0.0,S2A_32SNF_20260109_0_L2A,0.05,1.5,109.7
2026-02-26,rmil,Rmil,2.567,0.0,S2C_32SNF_20260226_0_L2A,0.05,1.5,171.2
2026-03-18,rmil,Rmil,2.532,1.5,S2C_32SNF_20260318_0_L2A,0.05,1.5,168.8
2026-04-07,rmil,Rmil,2.593,0.0,S2C_32SNF_20260407_0_L2A,0.05,1.5,172.9
2026-05-19,rmil,Rmil,2.562,0.0,S2A_32SNF_20260519_2_L2A,0.05,1.5,170.8
2026-06-18,rmil,Rmil,2.477,0.0,S2B_32SNF_20260618_0_L2A,0.05,1.5,165.2
2026-07-25,rmil,Rmil,2.252,0.0,S2A_32SNF_20260725_0_L2A,0.05,1.5,150.1
2026-08-20,rmil,Rmil,2.086,0.0,S2B_32SNF_20260820_0_L2A,0.05,1.5,139.1
2022-01-30,bir-mcherga,Bir Mcherga,0.835,0.2,S2B_32SNF_20220130_1_L2A,0.05,4.5,18.6
2022-02-09,bir-mcherga,Bir Mcherga,0.924,0.0,S2B_32SNF_20220209_0_L2A,0.05,4.5,20.5
2022-03-24,bir-mcherga,Bir Mcherga,0.935,1.3,S2B_32SNF_20220324_0_L2A,0.05,4.5,20.8
2022-04-08,bir-mcherga,Bir Mcherga,0.909,0.0,S2A_32SNF_20220408_0_L2A,0.05,4.5,20.2
2022-05-15,bir-mcherga,Bir Mcherga,1.017,0.0,S2A_32SNF_20220515_0_L2A,0.05,4.5,22.6
2022-06-24,bir-mcherga,Bir Mcherga,0.829,0.0,S2A_32SNF_20220624_0_L2A,0.05,4.5,18.4
2022-07-17,bir-mcherga,Bir Mcherga,0.821,0.0,S2A_32SNF_20220717_0_L2A,0.05,4.5,18.3
2022-08-26,bir-mcherga,Bir Mcherga,0.802,0.0,S2A_32SNF_20220826_0_L2A,0.05,4.5,17.8
2022-09-10,bir-mcherga,Bir Mcherga,0.792,0.0,S2B_32SNF_20220910_0_L2A,0.05,4.5,17.6
2022-10-20,bir-mcherga,Bir Mcherga,0.779,0.0,S2B_32SNF_20221020_0_L2A,0.05,4.5,17.3
2022-11-14,bir-mcherga,Bir Mcherga,0.790,0.0,S2A_32SNF_20221114_0_L2A,0.05,4.5,17.6
2022-12-04,bir-mcherga,Bir Mcherga,0.757,0.0,S2A_32SNF_20221204_0_L2A,0.05,4.5,16.8
2023-01-08,bir-mcherga,Bir Mcherga,0.780,0.0,S2B_32SNF_20230108_0_L2A,0.05,4.5,17.3
2023-02-19,bir-mcherga,Bir Mcherga,0.785,0.0,S2A_32SNF_20230219_0_L2A,0.05,4.5,17.4
2023-03-24,bir-mcherga,Bir Mcherga,0.762,0.0,S2A_32SNF_20230324_0_L2A,0.05,4.5,16.9
2023-04-08,bir-mcherga,Bir Mcherga,0.762,0.0,S2B_32SNF_20230408_0_L2A,0.05,4.5,16.9
2023-05-28,bir-mcherga,Bir Mcherga,0.703,0.0,S2B_32SNF_20230528_0_L2A,0.05,4.5,15.6
2023-06-22,bir-mcherga,Bir Mcherga,0.055,0.0,S2A_32SNF_20230622_1_L2A,0.05,4.5,1.2
2023-07-14,bir-mcherga,Bir Mcherga,0.057,0.0,S2B_32SNF_20230714_0_L2A,0.05,4.5,1.3
2023-08-23,bir-mcherga,Bir Mcherga,0.736,0.0,S2B_32SNF_20230823_0_L2A,0.05,4.5,16.4
2023-09-10,bir-mcherga,Bir Mcherga,0.700,0.0,S2A_32SNF_20230910_1_L2A,0.05,4.5,15.6
2023-10-10,bir-mcherga,Bir Mcherga,0.664,0.0,S2A_32SNF_20231010_0_L2A,0.05,4.5,14.7
2023-11-14,bir-mcherga,Bir Mcherga,0.660,0.0,S2B_32SNF_20231114_0_L2A,0.05,4.5,14.7
2023-12-26,bir-mcherga,Bir Mcherga,0.839,0.0,S2A_32SNF_20231226_0_L2A,0.05,4.5,18.6
2024-01-25,bir-mcherga,Bir Mcherga,0.791,0.0,S2A_32SNF_20240125_0_L2A,0.05,4.5,17.6
2024-02-04,bir-mcherga,Bir Mcherga,0.780,0.0,S2A_32SNF_20240204_0_L2A,0.05,4.5,17.3
2024-03-30,bir-mcherga,Bir Mcherga,0.158,0.0,S2B_32SNF_20240330_0_L2A,0.05,4.5,3.5
2024-04-04,bir-mcherga,Bir Mcherga,0.723,0.0,S2A_32SNF_20240404_1_L2A,0.05,4.5,16.1
2024-05-12,bir-mcherga,Bir Mcherga,0.769,0.0,S2B_32SNF_20240512_0_L2A,0.05,4.5,17.1
2024-06-26,bir-mcherga,Bir Mcherga,0.680,0.0,S2A_32SNF_20240626_0_L2A,0.05,4.5,15.1
2024-07-31,bir-mcherga,Bir Mcherga,0.631,0.0,S2B_32SNF_20240731_0_L2A,0.05,4.5,14.0
2024-08-25,bir-mcherga,Bir Mcherga,0.034,0.0,S2A_32SNF_20240825_0_L2A,0.05,4.5,0.8
2024-09-01,bir-mcherga,Bir Mcherga,0.000,0.0,S2A_32SNF_20240901_0_L2A,0.05,4.5,0.0
2024-10-01,bir-mcherga,Bir Mcherga,0.667,0.0,S2A_32SNF_20241001_0_L2A,0.05,4.5,14.8
2024-11-25,bir-mcherga,Bir Mcherga,0.605,0.0,S2B_32SNF_20241125_0_L2A,0.05,4.5,13.4
2024-12-10,bir-mcherga,Bir Mcherga,0.645,0.0,S2A_32SNF_20241210_0_L2A,0.05,4.5,14.3
2025-01-24,bir-mcherga,Bir Mcherga,0.684,0.0,S2B_32SNF_20250124_0_L2A,0.05,4.5,15.2
2025-02-18,bir-mcherga,Bir Mcherga,0.737,0.0,S2C_32SNF_20250218_0_L2A,0.05,4.5,16.4
2025-03-15,bir-mcherga,Bir Mcherga,0.002,0.0,S2B_32SNF_20250315_0_L2A,0.05,4.5,0.0
2025-04-19,bir-mcherga,Bir Mcherga,0.729,0.0,S2C_32SNF_20250419_0_L2A,0.05,4.5,16.2
2025-05-31,bir-mcherga,Bir Mcherga,0.677,0.0,S2A_32SNF_20250531_0_L2A,0.05,4.5,15.0
2025-06-13,bir-mcherga,Bir Mcherga,0.672,0.0,S2B_32SNF_20250613_1_L2A,0.05,4.5,14.9
2025-07-23,bir-mcherga,Bir Mcherga,0.570,0.0,S2A_32SNF_20250723_0_L2A,0.05,4.5,12.7
2025-08-25,bir-mcherga,Bir Mcherga,0.621,0.0,S2B_32SNF_20250825_0_L2A,0.05,4.5,13.8
2025-09-01,bir-mcherga,Bir Mcherga,0.687,0.0,S2A_32SNF_20250901_0_L2A,0.05,4.5,15.3
2025-10-08,bir-mcherga,Bir Mcherga,0.664,0.0,S2A_32SNF_20251008_0_L2A,0.05,4.5,14.8
2025-11-30,bir-mcherga,Bir Mcherga,0.621,0.0,S2A_32SNF_20251130_1_L2A,0.05,4.5,13.8
2025-12-08,bir-mcherga,Bir Mcherga,0.660,0.0,S2C_32SNF_20251208_0_L2A,0.05,4.5,14.7
2026-01-09,bir-mcherga,Bir Mcherga,0.597,0.0,S2A_32SNF_20260109_0_L2A,0.05,4.5,13.3
2026-02-26,bir-mcherga,Bir Mcherga,0.747,0.0,S2C_32SNF_20260226_0_L2A,0.05,4.5,16.6
2026-03-18,bir-mcherga,Bir Mcherga,0.733,1.2,S2C_32SNF_20260318_0_L2A,0.05,4.5,16.3
2026-04-07,bir-mcherga,Bir Mcherga,0.780,0.0,S2C_32SNF_20260407_0_L2A,0.05,4.5,17.3
2026-05-19,bir-mcherga,Bir Mcherga,0.767,0.0,S2A_32SNF_20260519_2_L2A,0.05,4.5,17.1
2026-06-18,bir-mcherga,Bir Mcherga,0.718,0.0,S2B_32SNF_20260618_0_L2A,0.05,4.5,16.0
2026-07-25,bir-mcherga,Bir Mcherga,0.714,0.0,S2A_32SNF_20260725_0_L2A,0.05,4.5,15.9
2026-08-20,bir-mcherga,Bir Mcherga,0.671,0.0,S2B_32SNF_20260820_0_L2A,0.05,4.5,14.9
2022-01-30,el-aroussia,El Aroussia,0.001,0.0,S2B_32SNF_20220130_1_L2A,0.05,0.8,0.1
2022-02-09,el-aroussia,El Aroussia,0.002,0.0,S2B_32SNF_20220209_0_L2A,0.05,0.8,0.3
2022-03-24,el-aroussia,El Aroussia,0.001,0.0,S2B_32SNF_20220324_0_L2A,0.05,0.8,0.1
2022-04-08,el-aroussia,El Aroussia,0.001,0.0,S2A_32SNF_20220408_0_L2A,0.05,0.8,0.1
2022-05-15,el-aroussia,El Aroussia,0.002,0.0,S2A_32SNF_20220515_0_L2A,0.05,0.8,0.3
2022-06-24,el-aroussia,El Aroussia,0.000,0.0,S2A_32SNF_20220624_0_L2A,0.05,0.8,0.0
2022-07-17,el-aroussia,El Aroussia,0.006,0.0,S2A_32SNF_20220717_0_L2A,0.05,0.8,0.8
2022-08-26,el-aroussia,El Aroussia,0.003,0.0,S2A_32SNF_20220826_0_L2A,0.05,0.8,0.4
2022-09-10,el-aroussia,El Aroussia,0.000,0.0,S2B_32SNF_20220910_0_L2A,0.05,0.8,0.0
2022-10-20,el-aroussia,El Aroussia,0.000,0.0,S2B_32SNF_20221020_0_L2A,0.05,0.8,0.0
2022-11-14,el-aroussia,El Aroussia,0.001,0.0,S2A_32SNF_20221114_0_L2A,0.05,0.8,0.1
2022-12-04,el-aroussia,El Aroussia,0.001,0.0,S2A_32SNF_20221204_0_L2A,0.05,0.8,0.1
2023-01-08,el-aroussia,El Aroussia,0.000,0.0,S2B_32SNF_20230108_0_L2A,0.05,0.8,0.0
2023-02-19,el-aroussia,El Aroussia,0.001,0.0,S2A_32SNF_20230219_0_L2A,0.05,0.8,0.1
2023-03-24,el-aroussia,El Aroussia,0.001,0.0,S2A_32SNF_20230324_0_L2A,0.05,0.8,0.1
2023-04-08,el-aroussia,El Aroussia,0.000,0.0,S2B_32SNF_20230408_0_L2A,0.05,0.8,0.0
2023-05-28,el-aroussia,El Aroussia,0.000,18.1,S2B_32SNF_20230528_0_L2A,0.05,0.8,0.0
2023-06-22,el-aroussia,El Aroussia,0.000,0.0,S2A_32SNF_20230622_1_L2A,0.05,0.8,0.0
2023-07-14,el-aroussia,El Aroussia,0.000,0.0,S2B_32SNF_20230714_0_L2A,0.05,0.8,0.0
2023-08-23,el-aroussia,El Aroussia,0.000,0.0,S2B_32SNF_20230823_0_L2A,0.05,0.8,0.0
2023-09-10,el-aroussia,El Aroussia,0.000,0.0,S2A_32SNF_20230910_1_L2A,0.05,0.8,0.0
2023-10-10,el-aroussia,El Aroussia,0.000,0.0,S2A_32SNF_20231010_0_L2A,0.05,0.8,0.0
2023-11-14,el-aroussia,El Aroussia,0.001,0.0,S2B_32SNF_20231114_0_L2A,0.05,0.8,0.1
2023-12-26,el-aroussia,El Aroussia,0.003,0.0,S2A_32SNF_20231226_0_L2A,0.05,0.8,0.4
2024-01-25,el-aroussia,El Aroussia,0.001,0.0,S2A_32SNF_20240125_0_L2A,0.05,0.8,0.1
2024-02-04,el-aroussia,El Aroussia,0.001,0.0,S2A_32SNF_20240204_0_L2A,0.05,0.8,0.1
2024-03-30,el-aroussia,El Aroussia,0.000,0.0,S2B_32SNF_20240330_0_L2A,0.05,0.8,0.0
2024-04-04,el-aroussia,El Aroussia,0.000,0.0,S2A_32SNF_20240404_1_L2A,0.05,0.8,0.0
2024-05-12,el-aroussia,El Aroussia,0.001,0.0,S2B_32SNF_20240512_0_L2A,0.05,0.8,0.1
2024-06-26,el-aroussia,El Aroussia,0.000,0.0,S2A_32SNF_20240626_0_L2A,0.05,0.8,0.0
2024-07-31,el-aroussia,El Aroussia,0.005,0.0,S2B_32SNF_20240731_0_L2A,0.05,0.8,0.6
2024-08-10,el-aroussia,El Aroussia,0.000,0.0,S2B_32SNF_20240810_0_L2A,0.05,0.8,0.0
2024-09-01,el-aroussia,El Aroussia,0.000,0.0,S2A_32SNF_20240901_0_L2A,0.05,0.8,0.0
2024-10-01,el-aroussia,El Aroussia,0.001,0.0,S2A_32SNF_20241001_0_L2A,0.05,0.8,0.1
2024-11-25,el-aroussia,El Aroussia,0.001,0.0,S2B_32SNF_20241125_0_L2A,0.05,0.8,0.1
2024-12-10,el-aroussia,El Aroussia,0.001,0.0,S2A_32SNF_20241210_0_L2A,0.05,0.8,0.1
2025-01-24,el-aroussia,El Aroussia,0.000,0.0,S2B_32SNF_20250124_0_L2A,0.05,0.8,0.0
2025-02-18,el-aroussia,El Aroussia,0.000,0.0,S2C_32SNF_20250218_0_L2A,0.05,0.8,0.0
2025-03-15,el-aroussia,El Aroussia,0.000,0.0,S2B_32SNF_20250315_0_L2A,0.05,0.8,0.0
2025-04-19,el-aroussia,El Aroussia,0.000,0.0,S2C_32SNF_20250419_0_L2A,0.05,0.8,0.0
2025-05-31,el-aroussia,El Aroussia,0.000,0.0,S2A_32SNF_20250531_0_L2A,0.05,0.8,0.0
2025-06-13,el-aroussia,El Aroussia,0.000,0.0,S2B_32SNF_20250613_1_L2A,0.05,0.8,0.0
2025-07-23,el-aroussia,El Aroussia,0.005,0.0,S2A_32SNF_20250723_0_L2A,0.05,0.8,0.6
2025-08-25,el-aroussia,El Aroussia,0.000,0.0,S2B_32SNF_20250825_0_L2A,0.05,0.8,0.0
2025-09-01,el-aroussia,El Aroussia,0.001,0.0,S2A_32SNF_20250901_0_L2A,0.05,0.8,0.1
2025-10-08,el-aroussia,El Aroussia,0.001,0.0,S2A_32SNF_20251008_0_L2A,0.05,0.8,0.1
2025-11-30,el-aroussia,El Aroussia,0.001,0.0,S2A_32SNF_20251130_1_L2A,0.05,0.8,0.1
2025-12-08,el-aroussia,El Aroussia,0.002,0.0,S2C_32SNF_20251208_0_L2A,0.05,0.8,0.2
2026-01-09,el-aroussia,El Aroussia,0.001,0.0,S2A_32SNF_20260109_0_L2A,0.05,0.8,0.1
2026-02-26,el-aroussia,El Aroussia,0.000,0.0,S2C_32SNF_20260226_0_L2A,0.05,0.8,0.0
2026-03-18,el-aroussia,El Aroussia,0.000,0.0,S2C_32SNF_20260318_0_L2A,0.05,0.8,0.0
2026-04-07,el-aroussia,El Aroussia,0.000,0.0,S2C_32SNF_20260407_0_L2A,0.05,0.8,0.0
2026-05-19,el-aroussia,El Aroussia,0.001,0.0,S2A_32SNF_20260519_2_L2A,0.05,0.8,0.1
2026-06-18,el-aroussia,El Aroussia,0.000,0.0,S2B_32SNF_20260618_0_L2A,0.05,0.8,0.0
2026-07-25,el-aroussia,El Aroussia,0.001,0.0,S2A_32SNF_20260725_0_L2A,0.05,0.8,0.1
2026-08-20,el-aroussia,El Aroussia,0.005,0.0,S2B_32SNF_20260820_0_L2A,0.05,0.8,0.7
2022-01-30,el-houareb,El Houareb,0.023,0.0,S2B_32SNE_20220130_0_L2A,0.05,6.0,0.4
2022-02-07,el-houareb,El Houareb,0.021,0.0,S2A_32SNE_20220207_0_L2A,0.05,6.0,0.3
2022-03-29,el-houareb,El Houareb,0.640,0.0,S2A_32SNE_20220329_0_L2A,0.05,6.0,10.7
2022-04-08,el-houareb,El Houareb,2.844,0.0,S2A_32SNE_20220408_0_L2A,0.05,6.0,47.4
2022-05-23,el-houareb,El Houareb,2.846,0.0,S2B_32SNE_20220523_0_L2A,0.05,6.0,47.4
2022-06-24,el-houareb,El Houareb,2.581,0.0,S2A_32SNE_20220624_0_L2A,0.05,6.0,43.0
2022-07-19,el-houareb,El Houareb,2.347,0.0,S2B_32SNE_20220719_0_L2A,0.05,6.0,39.1
2022-08-13,el-houareb,El Houareb,1.979,0.0,S2A_32SNE_20220813_0_L2A,0.05,6.0,33.0
2022-09-15,el-houareb,El Houareb,1.626,0.0,S2A_32SNE_20220915_0_L2A,0.05,6.0,27.1
2022-10-20,el-houareb,El Houareb,1.817,0.0,S2B_32SNE_20221020_0_L2A,0.05,6.0,30.3
2022-11-21,el-houareb,El Houareb,1.745,0.0,S2A_32SNE_20221121_0_L2A,0.05,6.0,29.1
2022-12-26,el-houareb,El Houareb,1.519,0.0,S2B_32SNE_20221226_0_L2A,0.05,6.0,25.3
2023-01-03,el-houareb,El Houareb,1.464,0.0,S2A_32SNE_20230103_0_L2A,0.05,6.0,24.4
2023-02-22,el-houareb,El Houareb,0.864,0.0,S2A_32SNE_20230222_0_L2A,0.05,6.0,14.4
2023-03-24,el-houareb,El Houareb,0.280,0.0,S2A_32SNE_20230324_0_L2A,0.05,6.0,4.7
2023-04-08,el-houareb,El Houareb,0.112,0.0,S2B_32SNE_20230408_0_L2A,0.05,6.0,1.9
2023-05-18,el-houareb,El Houareb,0.015,2.1,S2B_32SNE_20230518_0_L2A,0.05,6.0,0.2
2023-06-27,el-houareb,El Houareb,2.062,0.0,S2B_32SNE_20230627_0_L2A,0.05,6.0,34.4
2023-07-24,el-houareb,El Houareb,1.797,0.0,S2B_32SNE_20230724_0_L2A,0.05,6.0,29.9
2023-08-13,el-houareb,El Houareb,1.374,0.0,S2B_32SNE_20230813_0_L2A,0.05,6.0,22.9
2023-09-17,el-houareb,El Houareb,0.008,0.0,S2A_32SNE_20230917_0_L2A,0.05,6.0,0.1
2023-10-12,el-houareb,El Houareb,0.042,0.0,S2B_32SNE_20231012_0_L2A,0.05,6.0,0.7
2023-11-14,el-houareb,El Houareb,0.020,0.0,S2B_32SNE_20231114_0_L2A,0.05,6.0,0.3
2023-12-26,el-houareb,El Houareb,0.020,0.0,S2A_32SNE_20231226_0_L2A,0.05,6.0,0.3
2024-01-25,el-houareb,El Houareb,0.021,0.0,S2A_32SNE_20240125_0_L2A,0.05,6.0,0.3
2024-02-04,el-houareb,El Houareb,0.023,0.0,S2A_32SNE_20240204_0_L2A,0.05,6.0,0.4
2024-03-20,el-houareb,El Houareb,0.005,0.0,S2B_32SNE_20240320_0_L2A,0.05,6.0,0.1
2024-04-04,el-houareb,El Houareb,0.021,0.0,S2A_32SNE_20240404_0_L2A,0.05,6.0,0.3
2024-05-27,el-houareb,El Houareb,0.020,0.0,S2A_32SNE_20240527_1_L2A,0.05,6.0,0.3
2024-06-06,el-houareb,El Houareb,0.022,0.0,S2A_32SNE_20240606_0_L2A,0.05,6.0,0.4
2024-07-11,el-houareb,El Houareb,0.017,0.0,S2B_32SNE_20240711_0_L2A,0.05,6.0,0.3
2024-08-12,el-houareb,El Houareb,0.014,0.0,S2A_32SNE_20240812_0_L2A,0.05,6.0,0.2
2024-09-01,el-houareb,El Houareb,0.000,0.0,S2A_32SNE_20240901_0_L2A,0.05,6.0,0.0
2024-10-01,el-houareb,El Houareb,0.728,0.0,S2A_32SNE_20241001_0_L2A,0.05,6.0,12.1
2024-11-25,el-houareb,El Houareb,0.784,0.0,S2B_32SNE_20241125_0_L2A,0.05,6.0,13.1
2024-12-18,el-houareb,El Houareb,0.220,0.0,S2B_32SNE_20241218_0_L2A,0.05,6.0,3.7
2025-01-24,el-houareb,El Houareb,0.158,0.0,S2B_32SNE_20250124_0_L2A,0.05,6.0,2.6
2025-02-18,el-houareb,El Houareb,0.274,1.4,S2C_32SNE_20250218_0_L2A,0.05,6.0,4.6
2025-03-22,el-houareb,El Houareb,0.133,2.3,S2A_32SNE_20250322_0_L2A,0.05,6.0,2.2
2025-04-04,el-houareb,El Houareb,0.054,0.0,S2B_32SNE_20250404_0_L2A,0.05,6.0,0.9
2025-05-27,el-houareb,El Houareb,1.076,0.0,S2B_32SNE_20250527_0_L2A,0.05,6.0,17.9
2025-06-13,el-houareb,El Houareb,0.080,0.0,S2B_32SNE_20250613_1_L2A,0.05,6.0,1.3
2025-07-23,el-houareb,El Houareb,0.014,0.0,S2A_32SNE_20250723_0_L2A,0.05,6.0,0.2
2025-08-05,el-houareb,El Houareb,0.022,0.0,S2B_32SNE_20250805_0_L2A,0.05,6.0,0.4
2025-09-01,el-houareb,El Houareb,0.020,0.0,S2B_32SNE_20250901_1_L2A,0.05,6.0,0.3
2025-10-08,el-houareb,El Houareb,0.094,0.0,S2A_32SNE_20251008_0_L2A,0.05,6.0,1.6
2025-11-30,el-houareb,El Houareb,0.021,0.0,S2A_32SNE_20251130_1_L2A,0.05,6.0,0.4
2025-12-28,el-houareb,El Houareb,0.019,0.0,S2C_32SNE_20251228_0_L2A,0.05,6.0,0.3
2026-01-09,el-houareb,El Houareb,0.020,0.0,S2A_32SNE_20260109_0_L2A,0.05,6.0,0.3
2026-02-26,el-houareb,El Houareb,0.023,0.0,S2C_32SNE_20260226_0_L2A,0.05,6.0,0.4
2026-03-18,el-houareb,El Houareb,0.081,0.0,S2C_32SNE_20260318_0_L2A,0.05,6.0,1.4
2026-04-07,el-houareb,El Houareb,0.038,0.0,S2C_32SNE_20260407_0_L2A,0.05,6.0,0.6
2026-05-24,el-houareb,El Houareb,0.021,0.0,S2C_32SNE_20260524_0_L2A,0.05,6.0,0.4
2026-06-28,el-houareb,El Houareb,0.735,0.0,S2A_32SNE_20260628_1_L2A,0.05,6.0,12.2
2026-07-16,el-houareb,El Houareb,0.032,0.0,S2C_32SNE_20260716_0_L2A,0.05,6.0,0.5
2026-08-20,el-houareb,El Houareb,0.021,0.0,S2B_32SNE_20260820_0_L2A,0.05,6.0,0.3
2022-01-30,nebhana,Nebhana,0.001,0.0,S2B_32SNE_20220130_0_L2A,0.05,3.5,0.0
2022-02-07,nebhana,Nebhana,0.035,1.4,S2A_32SPE_20220207_0_L2A,0.05,3.5,1.0
2022-03-29,nebhana,Nebhana,0.003,13.4,S2A_32SNE_20220329_0_L2A,0.05,3.5,0.1
2022-04-23,nebhana,Nebhana,0.001,0.0,S2B_32SPE_20220423_0_L2A,0.05,3.5,0.0
2022-05-23,nebhana,Nebhana,0.001,0.0,S2B_32SPE_20220523_0_L2A,0.05,3.5,0.0
2022-06-22,nebhana,Nebhana,0.000,0.0,S2B_32SPE_20220622_0_L2A,0.05,3.5,0.0
2022-07-22,nebhana,Nebhana,0.001,0.0,S2B_32SPE_20220722_0_L2A,0.05,3.5,0.0
2022-08-01,nebhana,Nebhana,0.001,0.0,S2B_32SPE_20220801_0_L2A,0.05,3.5,0.0
2022-09-10,nebhana,Nebhana,0.001,0.0,S2B_32SPE_20220910_0_L2A,0.05,3.5,0.0
2022-10-20,nebhana,Nebhana,0.000,0.0,S2B_32SPE_20221020_0_L2A,0.05,3.5,0.0
2022-11-21,nebhana,Nebhana,0.000,0.0,S2A_32SNE_20221121_0_L2A,0.05,3.5,0.0
2022-12-04,nebhana,Nebhana,0.016,0.0,S2A_32SPE_20221204_0_L2A,0.05,3.5,0.5
2023-01-08,nebhana,Nebhana,0.000,0.0,S2B_32SPE_20230108_0_L2A,0.05,3.5,0.0
2023-02-22,nebhana,Nebhana,0.018,0.0,S2A_32SNE_20230222_0_L2A,0.05,3.5,0.5
2023-03-24,nebhana,Nebhana,0.025,0.0,S2A_32SPE_20230324_0_L2A,0.05,3.5,0.7
2023-04-08,nebhana,Nebhana,0.000,0.0,S2B_32SPE_20230408_0_L2A,0.05,3.5,0.0
2023-05-28,nebhana,Nebhana,0.001,0.0,S2B_32SPE_20230528_0_L2A,0.05,3.5,0.0
2023-06-17,nebhana,Nebhana,0.000,0.0,S2B_32SPE_20230617_0_L2A,0.05,3.5,0.0
2023-07-22,nebhana,Nebhana,0.006,0.0,S2A_32SPE_20230722_0_L2A,0.05,3.5,0.2
2023-08-11,nebhana,Nebhana,0.014,0.0,S2A_32SPE_20230811_0_L2A,0.05,3.5,0.4
2023-09-15,nebhana,Nebhana,0.001,0.0,S2B_32SPE_20230915_0_L2A,0.05,3.5,0.0
2023-10-15,nebhana,Nebhana,0.000,0.0,S2B_32SPE_20231015_0_L2A,0.05,3.5,0.0
2023-11-14,nebhana,Nebhana,0.001,0.0,S2B_32SPE_20231114_0_L2A,0.05,3.5,0.0
2023-12-24,nebhana,Nebhana,0.017,0.0,S2B_32SPE_20231224_0_L2A,0.05,3.5,0.5
2024-01-25,nebhana,Nebhana,0.001,0.0,S2A_32SPE_20240125_0_L2A,0.05,3.5,0.0
2024-02-04,nebhana,Nebhana,0.001,0.0,S2A_32SNE_20240204_0_L2A,0.05,3.5,0.0
2024-03-28,nebhana,Nebhana,0.007,0.0,S2A_32SPE_20240328_0_L2A,0.05,3.5,0.2
2024-04-04,nebhana,Nebhana,0.000,0.0,S2A_32SNE_20240404_1_L2A,0.05,3.5,0.0
2024-05-12,nebhana,Nebhana,0.001,0.0,S2B_32SPE_20240512_0_L2A,0.05,3.5,0.0
2024-06-21,nebhana,Nebhana,0.000,0.0,S2B_32SPE_20240621_0_L2A,0.05,3.5,0.0
2024-07-21,nebhana,Nebhana,0.001,0.0,S2B_32SPE_20240721_0_L2A,0.05,3.5,0.0
2024-08-30,nebhana,Nebhana,0.000,0.0,S2B_32SPE_20240830_0_L2A,0.05,3.5,0.0
2024-09-01,nebhana,Nebhana,0.000,0.0,S2A_32SNE_20240901_0_L2A,0.05,3.5,0.0
2024-10-01,nebhana,Nebhana,0.006,0.0,S2A_32SNE_20241001_0_L2A,0.05,3.5,0.2
2024-11-28,nebhana,Nebhana,0.002,0.0,S2B_32SPE_20241128_0_L2A,0.05,3.5,0.0
2024-12-18,nebhana,Nebhana,0.000,0.0,S2B_32SPE_20241218_0_L2A,0.05,3.5,0.0
2025-01-07,nebhana,Nebhana,0.001,0.0,S2B_32SPE_20250107_0_L2A,0.05,3.5,0.0
2025-02-16,nebhana,Nebhana,0.001,0.0,S2B_32SPE_20250216_0_L2A,0.05,3.5,0.0
2025-03-18,nebhana,Nebhana,0.001,0.0,S2B_32SPE_20250318_0_L2A,0.05,3.5,0.0
2025-04-04,nebhana,Nebhana,0.001,0.0,S2A_32SPE_20250404_1_L2A,0.05,3.5,0.0
2025-05-27,nebhana,Nebhana,0.000,0.0,S2B_32SPE_20250527_0_L2A,0.05,3.5,0.0
2025-06-16,nebhana,Nebhana,0.000,0.0,S2B_32SPE_20250616_0_L2A,0.05,3.5,0.0
2025-07-26,nebhana,Nebhana,0.000,0.0,S2B_32SPE_20250726_0_L2A,0.05,3.5,0.0
2025-08-22,nebhana,Nebhana,0.023,0.0,S2A_32SPE_20250822_1_L2A,0.05,3.5,0.7
2025-09-04,nebhana,Nebhana,0.001,0.0,S2B_32SPE_20250904_0_L2A,0.05,3.5,0.0
2025-10-08,nebhana,Nebhana,0.001,0.0,S2A_32SNE_20251008_0_L2A,0.05,3.5,0.0
2025-11-13,nebhana,Nebhana,0.000,0.0,S2B_32SPE_20251113_0_L2A,0.05,3.5,0.0
2025-12-23,nebhana,Nebhana,0.001,0.0,S2B_32SPE_20251223_0_L2A,0.05,3.5,0.0
2026-01-09,nebhana,Nebhana,0.014,0.0,S2A_32SNE_20260109_0_L2A,0.05,3.5,0.4
2026-02-26,nebhana,Nebhana,0.000,0.0,S2C_32SPE_20260226_0_L2A,0.05,3.5,0.0
2026-03-18,nebhana,Nebhana,0.001,0.0,S2C_32SNE_20260318_0_L2A,0.05,3.5,0.0
2026-04-07,nebhana,Nebhana,0.001,0.0,S2C_32SNE_20260407_0_L2A,0.05,3.5,0.0
2026-05-22,nebhana,Nebhana,0.000,0.0,S2B_32SPE_20260522_0_L2A,0.05,3.5,0.0
2026-06-21,nebhana,Nebhana,0.000,0.0,S2B_32SPE_20260621_0_L2A,0.05,3.5,0.0
2026-07-21,nebhana,Nebhana,0.000,0.0,S2B_32SPE_20260721_0_L2A,0.05,3.5,0.0
2026-08-30,nebhana,Nebhana,0.002,0.0,S2B_32SPE_20260830_0_L2A,0.05,3.5,0.1
2022-01-30,sidi-saad,Sidi Saad,5.548,0.1,S2B_32SNE_20220130_0_L2A,0.05,10.0,55.5
2022-02-07,sidi-saad,Sidi Saad,5.573,0.0,S2A_32SNE_20220207_0_L2A,0.05,10.0,55.7
2022-03-29,sidi-saad,Sidi Saad,4.643,1.2,S2A_32SNE_20220329_0_L2A,0.05,10.0,46.4
2022-04-08,sidi-saad,Sidi Saad,6.071,0.0,S2A_32SNE_20220408_0_L2A,0.05,10.0,60.7
2022-05-23,sidi-saad,Sidi Saad,5.856,0.0,S2B_32SNE_20220523_0_L2A,0.05,10.0,58.6
2022-06-24,sidi-saad,Sidi Saad,5.271,0.0,S2A_32SNE_20220624_0_L2A,0.05,10.0,52.7
2022-07-19,sidi-saad,Sidi Saad,5.462,0.0,S2B_32SNE_20220719_0_L2A,0.05,10.0,54.6
2022-08-13,sidi-saad,Sidi Saad,5.575,0.0,S2A_32SNE_20220813_0_L2A,0.05,10.0,55.8
2022-09-15,sidi-saad,Sidi Saad,5.448,0.0,S2A_32SNE_20220915_0_L2A,0.05,10.0,54.5
2022-10-20,sidi-saad,Sidi Saad,5.696,0.0,S2B_32SNE_20221020_0_L2A,0.05,10.0,57.0
2022-11-21,sidi-saad,Sidi Saad,5.675,0.1,S2A_32SNE_20221121_0_L2A,0.05,10.0,56.7
2022-12-26,sidi-saad,Sidi Saad,5.586,0.0,S2B_32SNE_20221226_0_L2A,0.05,10.0,55.9
2023-01-03,sidi-saad,Sidi Saad,5.603,0.0,S2A_32SNE_20230103_0_L2A,0.05,10.0,56.0
2023-02-22,sidi-saad,Sidi Saad,5.503,0.1,S2A_32SNE_20230222_0_L2A,0.05,10.0,55.0
2023-03-24,sidi-saad,Sidi Saad,5.480,0.1,S2A_32SNE_20230324_0_L2A,0.05,10.0,54.8
2023-04-08,sidi-saad,Sidi Saad,5.422,0.1,S2B_32SNE_20230408_0_L2A,0.05,10.0,54.2
2023-05-18,sidi-saad,Sidi Saad,2.856,2.7,S2B_32SNE_20230518_0_L2A,0.05,10.0,28.6
2023-06-27,sidi-saad,Sidi Saad,5.683,0.1,S2B_32SNE_20230627_0_L2A,0.05,10.0,56.8
2023-07-24,sidi-saad,Sidi Saad,5.818,0.0,S2B_32SNE_20230724_0_L2A,0.05,10.0,58.2
2023-08-13,sidi-saad,Sidi Saad,5.797,0.0,S2B_32SNE_20230813_0_L2A,0.05,10.0,58.0
2023-09-17,sidi-saad,Sidi Saad,5.237,0.2,S2A_32SNE_20230917_0_L2A,0.05,10.0,52.4
2023-10-12,sidi-saad,Sidi Saad,5.491,0.0,S2B_32SNE_20231012_0_L2A,0.05,10.0,54.9
2023-11-14,sidi-saad,Sidi Saad,5.439,0.0,S2B_32SNE_20231114_0_L2A,0.05,10.0,54.4
2023-12-26,sidi-saad,Sidi Saad,5.528,0.0,S2A_32SNE_20231226_0_L2A,0.05,10.0,55.3
2024-01-25,sidi-saad,Sidi Saad,5.500,0.0,S2A_32SNE_20240125_0_L2A,0.05,10.0,55.0
2024-02-04,sidi-saad,Sidi Saad,5.478,0.0,S2A_32SNE_20240204_0_L2A,0.05,10.0,54.8
2024-03-20,sidi-saad,Sidi Saad,4.580,0.7,S2B_32SNE_20240320_0_L2A,0.05,10.0,45.8
2024-04-04,sidi-saad,Sidi Saad,5.142,0.0,S2A_32SNE_20240404_0_L2A,0.05,10.0,51.4
2024-05-27,sidi-saad,Sidi Saad,4.878,0.0,S2A_32SNE_20240527_1_L2A,0.05,10.0,48.8
2024-06-06,sidi-saad,Sidi Saad,4.529,0.3,S2A_32SNE_20240606_0_L2A,0.05,10.0,45.3
2024-07-11,sidi-saad,Sidi Saad,4.638,0.0,S2B_32SNE_20240711_0_L2A,0.05,10.0,46.4
2024-08-12,sidi-saad,Sidi Saad,4.415,0.1,S2A_32SNE_20240812_0_L2A,0.05,10.0,44.2
2024-09-01,sidi-saad,Sidi Saad,0.000,0.0,S2A_32SNE_20240901_0_L2A,0.05,10.0,0.0
2024-10-01,sidi-saad,Sidi Saad,4.345,0.0,S2A_32SNE_20241001_0_L2A,0.05,10.0,43.4
2024-11-25,sidi-saad,Sidi Saad,4.608,0.0,S2B_32SNE_20241125_0_L2A,0.05,10.0,46.1
2024-12-18,sidi-saad,Sidi Saad,4.576,0.0,S2B_32SNE_20241218_0_L2A,0.05,10.0,45.8
2025-01-24,sidi-saad,Sidi Saad,4.555,0.0,S2B_32SNE_20250124_0_L2A,0.05,10.0,45.6
2025-02-18,sidi-saad,Sidi Saad,4.653,0.0,S2C_32SNE_20250218_0_L2A,0.05,10.0,46.5
2025-03-22,sidi-saad,Sidi Saad,4.330,3.9,S2A_32SNE_20250322_0_L2A,0.05,10.0,43.3
2025-04-04,sidi-saad,Sidi Saad,4.440,0.0,S2B_32SNE_20250404_0_L2A,0.05,10.0,44.4
2025-05-27,sidi-saad,Sidi Saad,4.749,0.0,S2B_32SNE_20250527_0_L2A,0.05,10.0,47.5
2025-06-13,sidi-saad,Sidi Saad,4.473,0.0,S2B_32SNE_20250613_1_L2A,0.05,10.0,44.7
2025-07-23,sidi-saad,Sidi Saad,3.605,0.0,S2A_32SNE_20250723_0_L2A,0.05,10.0,36.0
2025-08-05,sidi-saad,Sidi Saad,4.336,0.0,S2B_32SNE_20250805_0_L2A,0.05,10.0,43.4
2025-09-01,sidi-saad,Sidi Saad,4.065,0.0,S2B_32SNE_20250901_1_L2A,0.05,10.0,40.6
2025-10-08,sidi-saad,Sidi Saad,4.539,0.0,S2A_32SNE_20251008_0_L2A,0.05,10.0,45.4
2025-11-30,sidi-saad,Sidi Saad,4.299,0.0,S2A_32SNE_20251130_1_L2A,0.05,10.0,43.0
2025-12-28,sidi-saad,Sidi Saad,4.317,0.0,S2C_32SNE_20251228_0_L2A,0.05,10.0,43.2
2026-01-09,sidi-saad,Sidi Saad,4.335,0.0,S2A_32SNE_20260109_0_L2A,0.05,10.0,43.4
2026-02-26,sidi-saad,Sidi Saad,4.170,0.0,S2C_32SNE_20260226_0_L2A,0.05,10.0,41.7
2026-03-18,sidi-saad,Sidi Saad,4.266,0.1,S2C_32SNE_20260318_0_L2A,0.05,10.0,42.7
2026-04-07,sidi-saad,Sidi Saad,3.920,0.0,S2C_32SNE_20260407_0_L2A,0.05,10.0,39.2
2026-05-24,sidi-saad,Sidi Saad,3.023,0.0,S2C_32SNE_20260524_0_L2A,0.05,10.0,30.2
2026-06-28,sidi-saad,Sidi Saad,3.008,0.0,S2A_32SNE_20260628_1_L2A,0.05,10.0,30.1
2026-07-16,sidi-saad,Sidi Saad,2.709,0.0,S2C_32SNE_20260716_0_L2A,0.05,10.0,27.1
2026-08-20,sidi-saad,Sidi Saad,3.179,0.0,S2B_32SNE_20260820_0_L2A,0.05,10.0,31.8
2022-01-30,chiba,Chiba,0.100,0.0,S2B_32SPF_20220130_1_L2A,0.05,0.7,14.3
2022-02-09,chiba,Chiba,0.099,0.0,S2B_32SPF_20220209_0_L2A,0.05,0.7,14.1
2022-03-01,chiba,Chiba,0.056,32.9,S2B_32SPF_20220301_0_L2A,0.05,0.7,8.1
2022-04-25,chiba,Chiba,0.034,1.7,S2A_32SPF_20220425_0_L2A,0.05,0.7,4.9
2022-05-20,chiba,Chiba,0.070,0.0,S2B_32SPF_20220520_0_L2A,0.05,0.7,10.1
2022-06-14,chiba,Chiba,0.058,0.0,S2A_32SPF_20220614_0_L2A,0.05,0.7,8.3
2022-07-19,chiba,Chiba,0.042,0.0,S2B_32SPF_20220719_0_L2A,0.05,0.7,6.1
2022-08-13,chiba,Chiba,0.037,0.0,S2A_32SPF_20220813_0_L2A,0.05,0.7,5.3
2022-09-12,chiba,Chiba,0.027,0.0,S2A_32SPF_20220912_0_L2A,0.05,0.7,3.8
2022-10-22,chiba,Chiba,0.029,0.0,S2A_32SPF_20221022_0_L2A,0.05,0.7,4.1
2022-11-21,chiba,Chiba,0.021,0.0,S2A_32SPF_20221121_0_L2A,0.05,0.7,3.0
2022-12-21,chiba,Chiba,0.019,0.0,S2A_32SPF_20221221_0_L2A,0.05,0.7,2.7
2023-01-15,chiba,Chiba,0.017,0.0,S2B_32SPF_20230115_0_L2A,0.05,0.7,2.4
2023-02-19,chiba,Chiba,0.015,0.0,S2A_32SPF_20230219_0_L2A,0.05,0.7,2.1
2023-03-26,chiba,Chiba,0.005,0.0,S2B_32SPF_20230326_0_L2A,0.05,0.7,0.7
2023-04-10,chiba,Chiba,0.004,0.0,S2A_32SPF_20230410_0_L2A,0.05,0.7,0.6
2023-06-29,chiba,Chiba,0.005,0.0,S2A_32SPF_20230629_0_L2A,0.05,0.7,0.8
2023-07-24,chiba,Chiba,0.003,0.0,S2B_32SPF_20230724_0_L2A,0.05,0.7,0.4
2023-08-18,chiba,Chiba,0.003,0.0,S2A_32SPF_20230818_0_L2A,0.05,0.7,0.5
2023-09-17,chiba,Chiba,0.000,0.0,S2A_32SPF_20230917_0_L2A,0.05,0.7,0.0
2023-10-12,chiba,Chiba,0.003,0.0,S2B_32SPF_20231012_0_L2A,0.05,0.7,0.5
2023-11-16,chiba,Chiba,0.003,4.4,S2A_32SPF_20231116_0_L2A,0.05,0.7,0.5
2023-12-26,chiba,Chiba,0.016,0.0,S2A_32SPF_20231226_0_L2A,0.05,0.7,2.3
2024-01-25,chiba,Chiba,0.015,0.0,S2A_32SPF_20240125_0_L2A,0.05,0.7,2.1
2024-02-04,chiba,Chiba,0.015,0.0,S2A_32SPF_20240204_0_L2A,0.05,0.7,2.1
2024-03-30,chiba,Chiba,0.000,0.0,S2B_32SPF_20240330_0_L2A,0.05,0.7,0.0
2024-04-04,chiba,Chiba,0.009,0.0,S2A_32SPF_20240404_1_L2A,0.05,0.7,1.2
2024-05-19,chiba,Chiba,0.025,0.0,S2B_32SPF_20240519_0_L2A,0.05,0.7,3.6
2024-06-28,chiba,Chiba,0.001,0.0,S2B_32SPF_20240628_0_L2A,0.05,0.7,0.1
2024-07-13,chiba,Chiba,0.003,0.0,S2A_32SPF_20240713_0_L2A,0.05,0.7,0.4
2024-08-12,chiba,Chiba,0.003,0.0,S2A_32SPF_20240812_0_L2A,0.05,0.7,0.4
2024-09-01,chiba,Chiba,0.000,0.0,S2A_32SPF_20240901_0_L2A,0.05,0.7,0.0
2024-10-01,chiba,Chiba,0.006,0.0,S2A_32SPF_20241001_0_L2A,0.05,0.7,0.9
2024-11-20,chiba,Chiba,0.005,0.0,S2A_32SPF_20241120_0_L2A,0.05,0.7,0.7
2024-12-10,chiba,Chiba,0.006,0.0,S2A_32SPF_20241210_0_L2A,0.05,0.7,0.8
2025-01-24,chiba,Chiba,0.038,0.0,S2B_32SPF_20250124_0_L2A,0.05,0.7,5.5
2025-02-18,chiba,Chiba,,60.6,S2C_32SPF_20250218_0_L2A,0.05,0.7,
2025-03-15,chiba,Chiba,0.000,0.3,S2B_32SPF_20250315_0_L2A,0.05,0.7,0.0
2025-04-24,chiba,Chiba,0.110,15.6,S2B_32SPF_20250424_0_L2A,0.05,0.7,15.7
2025-05-31,chiba,Chiba,0.105,0.0,S2A_32SPF_20250531_0_L2A,0.05,0.7,15.0
2025-06-23,chiba,Chiba,0.077,0.0,S2B_32SPF_20250623_1_L2A,0.05,0.7,11.0
2025-07-20,chiba,Chiba,0.077,0.0,S2A_32SPF_20250720_0_L2A,0.05,0.7,11.0
2025-08-07,chiba,Chiba,0.084,0.0,S2C_32SPF_20250807_1_L2A,0.05,0.7,12.0
2025-09-01,chiba,Chiba,0.049,0.0,S2B_32SPF_20250901_1_L2A,0.05,0.7,7.1
2025-10-08,chiba,Chiba,0.091,0.0,S2A_32SPF_20251008_0_L2A,0.05,0.7,13.1
2025-11-20,chiba,Chiba,0.072,0.0,S2B_32SPF_20251120_1_L2A,0.05,0.7,10.3
2025-12-30,chiba,Chiba,0.086,11.8,S2B_32SPF_20251230_1_L2A,0.05,0.7,12.2
2026-01-09,chiba,Chiba,0.090,0.0,S2B_32SPF_20260109_1_L2A,0.05,0.7,12.9
2026-02-18,chiba,Chiba,0.374,0.0,S2B_32SPF_20260218_0_L2A,0.05,0.7,53.5
2026-03-25,chiba,Chiba,0.284,23.2,S2C_32SPF_20260325_1_L2A,0.05,0.7,40.5
2026-04-06,chiba,Chiba,0.390,0.0,S2A_32SPF_20260406_0_L2A,0.05,0.7,55.7
2026-05-29,chiba,Chiba,0.246,0.0,S2B_32SPF_20260529_0_L2A,0.05,0.7,35.2
2026-06-05,chiba,Chiba,0.225,0.0,S2A_32SPF_20260605_0_L2A,0.05,0.7,32.2
2026-07-08,chiba,Chiba,0.159,0.0,S2B_32SPF_20260708_0_L2A,0.05,0.7,22.7
2026-08-02,chiba,Chiba,0.134,0.0,S2C_32SPF_20260802_0_L2A,0.05,0.7,19.1
2022-01-30,masri,Masri,0.123,0.6,S2B_32SPF_20220130_0_L2A,0.05,0.9,13.6
2022-02-09,masri,Masri,0.120,0.0,S2B_32SPF_20220209_0_L2A,0.05,0.9,13.4
2022-03-01,masri,Masri,0.000,40.1,S2B_32SPF_20220301_0_L2A,0.05,0.9,0.0
2022-04-25,masri,Masri,0.002,19.8,S2A_32SPF_20220425_0_L2A,0.05,0.9,0.2
2022-05-20,masri,Masri,0.040,0.0,S2B_32SPF_20220520_0_L2A,0.05,0.9,4.4
2022-06-14,masri,Masri,0.024,0.0,S2A_32SPF_20220614_0_L2A,0.05,0.9,2.6
2022-07-19,masri,Masri,0.008,0.0,S2B_32SPF_20220719_0_L2A,0.05,0.9,0.9
2022-08-13,masri,Masri,0.024,0.0,S2A_32SPF_20220813_0_L2A,0.05,0.9,2.7
2022-09-12,masri,Masri,0.008,2.2,S2A_32SPF_20220912_0_L2A,0.05,0.9,0.9
2022-10-22,masri,Masri,0.048,0.0,S2A_32SPF_20221022_0_L2A,0.05,0.9,5.3
2022-11-21,masri,Masri,0.070,0.0,S2A_32SPF_20221121_0_L2A,0.05,0.9,7.8
2022-12-21,masri,Masri,0.069,0.0,S2A_32SPF_20221221_0_L2A,0.05,0.9,7.6
2023-01-15,masri,Masri,0.070,0.0,S2B_32SPF_20230115_0_L2A,0.05,0.9,7.7
2023-02-19,masri,Masri,0.085,0.0,S2A_32SPF_20230219_0_L2A,0.05,0.9,9.4
2023-03-26,masri,Masri,0.064,0.0,S2B_32SPF_20230326_0_L2A,0.05,0.9,7.2
2023-04-10,masri,Masri,0.045,0.0,S2A_32SPF_20230410_0_L2A,0.05,0.9,5.0
2023-06-29,masri,Masri,0.000,0.0,S2A_32SPF_20230629_0_L2A,0.05,0.9,0.0
2023-07-24,masri,Masri,0.000,0.0,S2B_32SPF_20230724_0_L2A,0.05,0.9,0.0
2023-08-18,masri,Masri,0.000,0.0,S2A_32SPF_20230818_0_L2A,0.05,0.9,0.0
2023-09-17,masri,Masri,0.000,0.0,S2A_32SPF_20230917_0_L2A,0.05,0.9,0.0
2023-10-12,masri,Masri,0.000,0.0,S2B_32SPF_20231012_0_L2A,0.05,0.9,0.0
2023-11-16,masri,Masri,0.001,18.4,S2A_32SPF_20231116_0_L2A,0.05,0.9,0.1
2023-12-26,masri,Masri,0.021,0.0,S2A_32SPF_20231226_0_L2A,0.05,0.9,2.3
2024-01-25,masri,Masri,0.018,0.0,S2A_32SPF_20240125_0_L2A,0.05,0.9,2.0
2024-02-04,masri,Masri,0.017,0.0,S2A_32SPF_20240204_0_L2A,0.05,0.9,1.9
2024-03-30,masri,Masri,0.000,0.0,S2B_32SPF_20240330_0_L2A,0.05,0.9,0.0
2024-04-04,masri,Masri,0.015,0.0,S2A_32SPF_20240404_1_L2A,0.05,0.9,1.6
2024-05-19,masri,Masri,0.018,0.0,S2B_32SPF_20240519_0_L2A,0.05,0.9,2.0
2024-06-28,masri,Masri,0.000,0.0,S2B_32SPF_20240628_0_L2A,0.05,0.9,0.0
2024-07-13,masri,Masri,0.000,0.0,S2A_32SPF_20240713_0_L2A,0.05,0.9,0.0
2024-08-12,masri,Masri,0.000,0.0,S2A_32SPF_20240812_0_L2A,0.05,0.9,0.0
2024-09-01,masri,Masri,0.000,0.0,S2A_32SPF_20240901_0_L2A,0.05,0.9,0.0
2024-10-01,masri,Masri,0.001,0.0,S2A_32SPF_20241001_0_L2A,0.05,0.9,0.1
2024-11-20,masri,Masri,0.003,0.0,S2A_32SPF_20241120_0_L2A,0.05,0.9,0.3
2024-12-10,masri,Masri,0.048,0.0,S2A_32SPF_20241210_0_L2A,0.05,0.9,5.3
2025-01-24,masri,Masri,0.133,0.0,S2B_32SPF_20250124_0_L2A,0.05,0.9,14.8
2025-02-18,masri,Masri,,68.3,S2C_32SPF_20250218_0_L2A,0.05,0.9,
2025-03-15,masri,Masri,0.000,26.0,S2B_32SPF_20250315_0_L2A,0.05,0.9,0.0
2025-04-24,masri,Masri,0.148,9.4,S2B_32SPF_20250424_0_L2A,0.05,0.9,16.4
2025-05-31,masri,Masri,0.145,0.0,S2A_32SPF_20250531_0_L2A,0.05,0.9,16.2
2025-06-23,masri,Masri,0.122,0.0,S2B_32SPF_20250623_1_L2A,0.05,0.9,13.5
2025-07-20,masri,Masri,0.087,0.0,S2A_32SPF_20250720_0_L2A,0.05,0.9,9.6
2025-08-07,masri,Masri,0.111,0.0,S2C_32SPF_20250807_1_L2A,0.05,0.9,12.3
2025-09-01,masri,Masri,0.095,0.0,S2B_32SPF_20250901_1_L2A,0.05,0.9,10.5
2025-10-08,masri,Masri,0.108,0.7,S2A_32SPF_20251008_0_L2A,0.05,0.9,12.0
2025-11-20,masri,Masri,0.100,0.0,S2B_32SPF_20251120_1_L2A,0.05,0.9,11.1
2025-12-30,masri,Masri,,85.2,S2B_32SPF_20251230_1_L2A,0.05,0.9,
2026-01-09,masri,Masri,0.111,0.0,S2B_32SPF_20260109_1_L2A,0.05,0.9,12.3
2026-02-18,masri,Masri,0.499,0.0,S2B_32SPF_20260218_0_L2A,0.05,0.9,55.4
2026-03-25,masri,Masri,0.024,32.5,S2C_32SPF_20260325_0_L2A,0.05,0.9,2.6
2026-04-06,masri,Masri,0.533,0.0,S2A_32SPF_20260406_0_L2A,0.05,0.9,59.3
2026-05-29,masri,Masri,0.417,0.0,S2B_32SPF_20260529_0_L2A,0.05,0.9,46.4
2026-06-05,masri,Masri,0.382,0.0,S2A_32SPF_20260605_0_L2A,0.05,0.9,42.5
2026-07-08,masri,Masri,0.254,0.0,S2B_32SPF_20260708_0_L2A,0.05,0.9,28.2
2026-08-02,masri,Masri,0.149,0.0,S2C_32SPF_20260802_0_L2A,0.05,0.9,16.6
2022-01-30,lebna,Lebna,3.657,0.0,S2B_32SPF_20220130_0_L2A,0.05,3.0,121.9
2022-02-09,lebna,Lebna,3.631,0.0,S2B_32SPF_20220209_0_L2A,0.05,3.0,121.0
2022-03-01,lebna,Lebna,3.476,21.2,S2B_32SPF_20220301_0_L2A,0.05,3.0,115.9
2022-04-25,lebna,Lebna,3.083,47.1,S2A_32SPF_20220425_0_L2A,0.05,3.0,102.8
2022-05-20,lebna,Lebna,2.950,4.3,S2B_32SPF_20220520_0_L2A,0.05,3.0,98.3
2022-06-14,lebna,Lebna,2.386,0.6,S2A_32SPF_20220614_0_L2A,0.05,3.0,79.5
2022-07-19,lebna,Lebna,2.126,0.1,S2B_32SPF_20220719_0_L2A,0.05,3.0,70.9
2022-08-13,lebna,Lebna,1.908,0.0,S2A_32SPF_20220813_0_L2A,0.05,3.0,63.6
2022-09-12,lebna,Lebna,1.754,1.0,S2A_32SPF_20220912_0_L2A,0.05,3.0,58.5
2022-10-22,lebna,Lebna,1.665,0.1,S2A_32SPF_20221022_0_L2A,0.05,3.0,55.5
2022-11-21,lebna,Lebna,1.696,0.0,S2A_32SPF_20221121_0_L2A,0.05,3.0,56.5
2022-12-21,lebna,Lebna,1.685,0.0,S2A_32SPF_20221221_0_L2A,0.05,3.0,56.2
2023-01-15,lebna,Lebna,1.655,0.1,S2B_32SPF_20230115_0_L2A,0.05,3.0,55.2
2023-02-19,lebna,Lebna,1.666,0.0,S2A_32SPF_20230219_0_L2A,0.05,3.0,55.5
2023-03-26,lebna,Lebna,1.584,0.0,S2B_32SPF_20230326_0_L2A,0.05,3.0,52.8
2023-04-10,lebna,Lebna,1.574,0.0,S2A_32SPF_20230410_0_L2A,0.05,3.0,52.5
2023-06-29,lebna,Lebna,1.344,0.1,S2A_32SPF_20230629_0_L2A,0.05,3.0,44.8
2023-07-24,lebna,Lebna,1.210,0.1,S2B_32SPF_20230724_0_L2A,0.05,3.0,40.3
2023-08-18,lebna,Lebna,1.104,0.0,S2A_32SPF_20230818_0_L2A,0.05,3.0,36.8
2023-09-17,lebna,Lebna,0.949,0.1,S2A_32SPF_20230917_0_L2A,0.05,3.0,31.6
2023-10-12,lebna,Lebna,0.965,0.0,S2B_32SPF_20231012_0_L2A,0.05,3.0,32.2
2023-11-16,lebna,Lebna,0.803,12.7,S2A_32SPF_20231116_0_L2A,0.05,3.0,26.8
2023-12-26,lebna,Lebna,1.008,0.1,S2A_32SPF_20231226_0_L2A,0.05,3.0,33.6
2024-01-25,lebna,Lebna,0.967,0.0,S2A_32SPF_20240125_0_L2A,0.05,3.0,32.2
2024-02-04,lebna,Lebna,0.970,0.0,S2A_32SPF_20240204_0_L2A,0.05,3.0,32.3
2024-03-30,lebna,Lebna,0.432,0.6,S2B_32SPF_20240330_0_L2A,0.05,3.0,14.4
2024-04-04,lebna,Lebna,0.908,0.0,S2A_32SPF_20240404_1_L2A,0.05,3.0,30.3
2024-05-19,lebna,Lebna,0.785,0.0,S2B_32SPF_20240519_0_L2A,0.05,3.0,26.2
2024-06-28,lebna,Lebna,0.478,0.1,S2B_32SPF_20240628_0_L2A,0.05,3.0,15.9
2024-07-13,lebna,Lebna,0.442,0.0,S2A_32SPF_20240713_0_L2A,0.05,3.0,14.7
2024-08-12,lebna,Lebna,0.187,0.1,S2A_32SPF_20240812_0_L2A,0.05,3.0,6.2
2024-09-01,lebna,Lebna,0.000,0.0,S2A_32SPF_20240901_0_L2A,0.05,3.0,0.0
2024-10-01,lebna,Lebna,0.051,0.0,S2A_32SPF_20241001_0_L2A,0.05,3.0,1.7
2024-11-20,lebna,Lebna,0.721,0.1,S2A_32SPF_20241120_0_L2A,0.05,3.0,24.0
2024-12-10,lebna,Lebna,0.939,0.1,S2A_32SPF_20241210_0_L2A,0.05,3.0,31.3
2025-01-24,lebna,Lebna,1.393,0.0,S2B_32SPF_20250124_0_L2A,0.05,3.0,46.4
2025-02-18,lebna,Lebna,0.426,20.7,S2C_32SPF_20250218_0_L2A,0.05,3.0,14.2
2025-03-15,lebna,Lebna,0.287,5.1,S2B_32SPF_20250315_0_L2A,0.05,3.0,9.6
2025-04-24,lebna,Lebna,1.564,14.2,S2B_32SPF_20250424_0_L2A,0.05,3.0,52.1
2025-05-31,lebna,Lebna,2.043,0.1,S2A_32SPF_20250531_0_L2A,0.05,3.0,68.1
2025-06-23,lebna,Lebna,1.966,0.0,S2B_32SPF_20250623_1_L2A,0.05,3.0,65.5
2025-07-20,lebna,Lebna,1.678,0.0,S2A_32SPF_20250720_0_L2A,0.05,3.0,55.9
2025-08-07,lebna,Lebna,1.440,0.0,S2C_32SPF_20250807_1_L2A,0.05,3.0,48.0
2025-09-01,lebna,Lebna,1.029,0.0,S2B_32SPF_20250901_1_L2A,0.05,3.0,34.3
2025-10-08,lebna,Lebna,1.226,18.8,S2A_32SPF_20251008_0_L2A,0.05,3.0,40.9
2025-11-20,lebna,Lebna,1.363,0.1,S2B_32SPF_20251120_1_L2A,0.05,3.0,45.4
2025-12-30,lebna,Lebna,,66.7,S2B_32SPF_20251230_1_L2A,0.05,3.0,
2026-01-09,lebna,Lebna,1.722,0.0,S2B_32SPF_20260109_1_L2A,0.05,3.0,57.4
2026-02-18,lebna,Lebna,6.714,0.2,S2B_32SPF_20260218_0_L2A,0.05,3.0,223.8
2026-03-25,lebna,Lebna,5.102,26.4,S2C_32SPF_20260325_0_L2A,0.05,3.0,170.1
2026-04-06,lebna,Lebna,6.826,0.3,S2A_32SPF_20260406_0_L2A,0.05,3.0,227.5
2026-05-29,lebna,Lebna,6.400,0.1,S2B_32SPF_20260529_0_L2A,0.05,3.0,213.3
2026-06-05,lebna,Lebna,6.342,0.1,S2A_32SPF_20260605_0_L2A,0.05,3.0,211.4
2026-07-08,lebna,Lebna,5.980,0.0,S2B_32SPF_20260708_0_L2A,0.05,3.0,199.3
2026-08-02,lebna,Lebna,5.637,0.0,S2C_32SPF_20260802_0_L2A,0.05,3.0,187.9
2022-01-28,abid,Abid,0.040,0.0,S2A_32SMF_20220128_0_L2A,0.05,1.2,3.3
2022-02-07,abid,Abid,,84.3,S2A_32SMF_20220207_0_L2A,0.05,1.2,
2022-03-14,abid,Abid,0.033,0.0,S2B_32SMF_20220314_0_L2A,0.05,1.2,2.7
2022-04-08,abid,Abid,0.021,0.0,S2A_32SNF_20220408_0_L2A,0.05,1.2,1.8
2022-05-23,abid,Abid,0.003,0.0,S2B_32SMF_20220523_0_L2A,0.05,1.2,0.2
2022-06-17,abid,Abid,0.019,0.0,S2A_32SMF_20220617_0_L2A,0.05,1.2,1.6
2022-07-17,abid,Abid,0.025,0.0,S2A_32SMF_20220717_0_L2A,0.05,1.2,2.1
2022-08-26,abid,Abid,0.014,0.0,S2A_32SNF_20220826_0_L2A,0.05,1.2,1.2
2022-09-10,abid,Abid,0.000,0.0,S2B_32SNF_20220910_0_L2A,0.05,1.2,0.0
2022-10-20,abid,Abid,0.015,0.0,S2B_32SMF_20221020_0_L2A,0.05,1.2,1.2
2022-11-14,abid,Abid,0.002,0.0,S2A_32SMF_20221114_0_L2A,0.05,1.2,0.1
2022-12-04,abid,Abid,0.009,0.0,S2A_32SMF_20221204_0_L2A,0.05,1.2,0.8
2023-01-08,abid,Abid,0.000,0.0,S2B_32SNF_20230108_0_L2A,0.05,1.2,0.0
2023-02-22,abid,Abid,0.000,0.0,S2A_32SNF_20230222_1_L2A,0.05,1.2,0.0
2023-03-24,abid,Abid,0.000,0.0,S2A_32SMF_20230324_0_L2A,0.05,1.2,0.0
2023-04-08,abid,Abid,0.000,0.0,S2B_32SNF_20230408_0_L2A,0.05,1.2,0.0
2023-05-28,abid,Abid,0.000,0.0,S2B_32SNF_20230528_0_L2A,0.05,1.2,0.0
2023-06-22,abid,Abid,0.008,0.0,S2A_32SNF_20230622_1_L2A,0.05,1.2,0.7
2023-07-22,abid,Abid,0.000,0.0,S2A_32SNF_20230722_0_L2A,0.05,1.2,0.0
2023-08-26,abid,Abid,0.000,0.0,S2B_32SMF_20230826_0_L2A,0.05,1.2,0.0
2023-09-10,abid,Abid,0.000,0.0,S2A_32SMF_20230910_1_L2A,0.05,1.2,0.0
2023-10-10,abid,Abid,0.000,0.0,S2A_32SMF_20231010_0_L2A,0.05,1.2,0.0
2023-11-14,abid,Abid,0.000,0.0,S2B_32SMF_20231114_0_L2A,0.05,1.2,0.0
2023-12-24,abid,Abid,0.032,0.4,S2B_32SNF_20231224_0_L2A,0.05,1.2,2.7
2024-01-28,abid,Abid,0.030,11.4,S2A_32SMF_20240128_0_L2A,0.05,1.2,2.5
2024-02-07,abid,Abid,0.030,0.0,S2A_32SMF_20240207_0_L2A,0.05,1.2,2.5
2024-03-23,abid,Abid,0.029,0.2,S2B_32SMF_20240323_0_L2A,0.05,1.2,2.5
2024-04-27,abid,Abid,0.024,0.0,S2A_32SMF_20240427_0_L2A,0.05,1.2,2.0
2024-05-12,abid,Abid,0.025,0.0,S2B_32SNF_20240512_0_L2A,0.05,1.2,2.1
2024-06-26,abid,Abid,0.005,0.0,S2A_32SMF_20240626_0_L2A,0.05,1.2,0.4
2024-07-31,abid,Abid,0.000,0.0,S2B_32SMF_20240731_0_L2A,0.05,1.2,0.0
2024-08-10,abid,Abid,0.000,0.0,S2B_32SMF_20240810_0_L2A,0.05,1.2,0.0
2024-09-29,abid,Abid,0.000,0.1,S2B_32SNF_20240929_0_L2A,0.05,1.2,0.0
2024-10-04,abid,Abid,0.000,6.7,S2A_32SNF_20241004_0_L2A,0.05,1.2,0.0
2024-11-03,abid,Abid,0.000,0.0,S2A_32SMF_20241103_0_L2A,0.05,1.2,0.0
2024-12-13,abid,Abid,0.000,0.0,S2A_32SMF_20241213_0_L2A,0.05,1.2,0.0
2025-01-07,abid,Abid,0.000,1.0,S2B_32SNF_20250107_0_L2A,0.05,1.2,0.0
2025-02-16,abid,Abid,0.034,0.9,S2B_32SNF_20250216_0_L2A,0.05,1.2,2.9
2025-03-15,abid,Abid,0.028,0.1,S2A_32SNF_20250315_1_L2A,0.05,1.2,2.4
2025-04-24,abid,Abid,0.025,1.1,S2A_32SMF_20250424_0_L2A,0.05,1.2,2.1
2025-05-27,abid,Abid,0.026,0.0,S2B_32SMF_20250527_0_L2A,0.05,1.2,2.2
2025-06-21,abid,Abid,0.002,0.0,S2C_32SMF_20250621_0_L2A,0.05,1.2,0.2
2025-07-23,abid,Abid,0.000,0.0,S2A_32SNF_20250723_0_L2A,0.05,1.2,0.0
2025-08-25,abid,Abid,0.000,0.0,S2B_32SNF_20250825_0_L2A,0.05,1.2,0.0
2025-09-01,abid,Abid,0.000,0.0,S2A_32SNF_20250901_0_L2A,0.05,1.2,0.0
2025-10-21,abid,Abid,0.038,0.0,S2A_32SNF_20251021_0_L2A,0.05,1.2,3.2
2025-11-30,abid,Abid,0.038,0.0,S2A_32SNF_20251130_1_L2A,0.05,1.2,3.2
2025-12-08,abid,Abid,0.031,0.0,S2C_32SMF_20251208_0_L2A,0.05,1.2,2.6
2026-01-09,abid,Abid,0.039,0.0,S2A_32SNF_20260109_0_L2A,0.05,1.2,3.3
2026-02-26,abid,Abid,0.044,0.0,S2C_32SMF_20260226_0_L2A,0.05,1.2,3.7
2026-03-18,abid,Abid,0.046,0.0,S2C_32SMF_20260318_0_L2A,0.05,1.2,3.9
2026-04-07,abid,Abid,0.048,0.0,S2C_32SMF_20260407_0_L2A,0.05,1.2,4.0
2026-05-19,abid,Abid,0.045,0.0,S2A_32SMF_20260519_1_L2A,0.05,1.2,3.7
2026-06-21,abid,Abid,0.034,0.0,S2B_32SMF_20260621_0_L2A,0.05,1.2,2.8
2026-07-18,abid,Abid,0.000,0.0,S2A_32SMF_20260718_0_L2A,0.05,1.2,0.0
2026-08-20,abid,Abid,0.000,0.0,S2B_32SMF_20260820_0_L2A,0.05,1.2,0.0
2022-01-28,tessa,Tessa,0.004,0.0,S2A_32SMF_20220128_0_L2A,0.05,1.5,0.2
2022-02-07,tessa,Tessa,0.003,27.4,S2A_32SMF_20220207_0_L2A,0.05,1.5,0.2
2022-03-14,tessa,Tessa,0.005,0.0,S2B_32SMF_20220314_0_L2A,0.05,1.5,0.3
2022-04-08,tessa,Tessa,0.001,0.0,S2A_32SNF_20220408_0_L2A,0.05,1.5,0.1
2022-05-23,tessa,Tessa,0.003,0.0,S2B_32SMF_20220523_0_L2A,0.05,1.5,0.2
2022-06-17,tessa,Tessa,0.002,0.0,S2A_32SMF_20220617_0_L2A,0.05,1.5,0.1
2022-07-17,tessa,Tessa,0.003,0.0,S2A_32SMF_20220717_0_L2A,0.05,1.5,0.2
2022-08-26,tessa,Tessa,0.001,0.0,S2A_32SNF_20220826_0_L2A,0.05,1.5,0.1
2022-09-10,tessa,Tessa,0.000,0.0,S2B_32SNF_20220910_0_L2A,0.05,1.5,0.0
2022-10-20,tessa,Tessa,0.002,0.0,S2B_32SMF_20221020_0_L2A,0.05,1.5,0.2
2022-11-14,tessa,Tessa,0.002,0.0,S2A_32SMF_20221114_0_L2A,0.05,1.5,0.2
2022-12-04,tessa,Tessa,0.005,0.0,S2A_32SMF_20221204_0_L2A,0.05,1.5,0.3
2023-01-08,tessa,Tessa,0.001,0.0,S2B_32SNF_20230108_0_L2A,0.05,1.5,0.1
2023-02-22,tessa,Tessa,0.001,0.0,S2A_32SNF_20230222_1_L2A,0.05,1.5,0.0
2023-03-24,tessa,Tessa,0.002,0.0,S2A_32SMF_20230324_0_L2A,0.05,1.5,0.1
2023-04-08,tessa,Tessa,0.001,0.8,S2B_32SNF_20230408_0_L2A,0.05,1.5,0.1
2023-05-28,tessa,Tessa,0.000,0.0,S2B_32SNF_20230528_0_L2A,0.05,1.5,0.0
2023-06-22,tessa,Tessa,0.001,0.0,S2A_32SNF_20230622_1_L2A,0.05,1.5,0.1
2023-07-22,tessa,Tessa,0.001,0.0,S2A_32SNF_20230722_0_L2A,0.05,1.5,0.1
2023-08-26,tessa,Tessa,0.001,0.0,S2B_32SMF_20230826_0_L2A,0.05,1.5,0.1
2023-09-10,tessa,Tessa,0.002,0.0,S2A_32SMF_20230910_1_L2A,0.05,1.5,0.1
2023-10-10,tessa,Tessa,0.001,0.0,S2A_32SMF_20231010_0_L2A,0.05,1.5,0.1
2023-11-14,tessa,Tessa,0.002,0.0,S2B_32SMF_20231114_0_L2A,0.05,1.5,0.1
2023-12-24,tessa,Tessa,0.001,0.0,S2B_32SNF_20231224_0_L2A,0.05,1.5,0.1
2024-01-28,tessa,Tessa,0.000,49.9,S2A_32SMF_20240128_0_L2A,0.05,1.5,0.0
2024-02-07,tessa,Tessa,0.001,0.0,S2A_32SMF_20240207_0_L2A,0.05,1.5,0.1
2024-03-23,tessa,Tessa,0.001,1.2,S2B_32SMF_20240323_0_L2A,0.05,1.5,0.1
2024-04-27,tessa,Tessa,0.001,0.0,S2A_32SMF_20240427_0_L2A,0.05,1.5,0.1
2024-05-12,tessa,Tessa,0.001,0.0,S2B_32SNF_20240512_0_L2A,0.05,1.5,0.1
2024-06-26,tessa,Tessa,0.000,0.0,S2A_32SMF_20240626_0_L2A,0.05,1.5,0.0
2024-07-31,tessa,Tessa,0.001,0.0,S2B_32SMF_20240731_0_L2A,0.05,1.5,0.1
2024-08-10,tessa,Tessa,0.001,0.0,S2B_32SMF_20240810_0_L2A,0.05,1.5,0.1
2024-09-29,tessa,Tessa,0.001,7.2,S2B_32SNF_20240929_0_L2A,0.05,1.5,0.0
2024-10-04,tessa,Tessa,0.001,11.7,S2A_32SNF_20241004_0_L2A,0.05,1.5,0.1
2024-11-03,tessa,Tessa,0.001,0.0,S2A_32SMF_20241103_0_L2A,0.05,1.5,0.0
2024-12-13,tessa,Tessa,0.001,3.5,S2A_32SMF_20241213_0_L2A,0.05,1.5,0.0
2025-01-07,tessa,Tessa,0.001,29.3,S2B_32SNF_20250107_0_L2A,0.05,1.5,0.1
2025-02-16,tessa,Tessa,0.001,0.0,S2B_32SNF_20250216_0_L2A,0.05,1.5,0.1
2025-03-15,tessa,Tessa,0.000,0.0,S2A_32SNF_20250315_1_L2A,0.05,1.5,0.0
2025-04-24,tessa,Tessa,0.000,0.5,S2A_32SMF_20250424_0_L2A,0.05,1.5,0.0
2025-05-27,tessa,Tessa,0.001,0.0,S2B_32SMF_20250527_0_L2A,0.05,1.5,0.1
2025-06-21,tessa,Tessa,0.001,0.0,S2C_32SMF_20250621_0_L2A,0.05,1.5,0.1
2025-07-23,tessa,Tessa,0.001,0.0,S2A_32SNF_20250723_0_L2A,0.05,1.5,0.0
2025-08-25,tessa,Tessa,0.000,0.0,S2B_32SNF_20250825_0_L2A,0.05,1.5,0.0
2025-09-01,tessa,Tessa,0.001,0.0,S2A_32SNF_20250901_0_L2A,0.05,1.5,0.0
2025-10-21,tessa,Tessa,0.001,0.0,S2A_32SNF_20251021_0_L2A,0.05,1.5,0.1
2025-11-30,tessa,Tessa,0.001,0.0,S2A_32SNF_20251130_1_L2A,0.05,1.5,0.1
2025-12-08,tessa,Tessa,0.004,0.0,S2C_32SMF_20251208_0_L2A,0.05,1.5,0.3
2026-01-09,tessa,Tessa,0.001,0.0,S2A_32SNF_20260109_0_L2A,0.05,1.5,0.1
2026-02-26,tessa,Tessa,0.003,0.0,S2C_32SMF_20260226_0_L2A,0.05,1.5,0.2
2026-03-18,tessa,Tessa,0.001,0.0,S2C_32SMF_20260318_0_L2A,0.05,1.5,0.0
2026-04-07,tessa,Tessa,0.003,0.0,S2C_32SMF_20260407_0_L2A,0.05,1.5,0.2
2026-05-19,tessa,Tessa,0.002,0.0,S2A_32SMF_20260519_1_L2A,0.05,1.5,0.1
2026-06-21,tessa,Tessa,0.001,0.0,S2B_32SMF_20260621_0_L2A,0.05,1.5,0.1
2026-07-18,tessa,Tessa,0.000,0.0,S2A_32SMF_20260718_0_L2A,0.05,1.5,0.0
2026-08-20,tessa,Tessa,0.001,0.0,S2B_32SMF_20260820_0_L2A,0.05,1.5,0.1
2022-01-23,ziatine,Ziatine,4.060,48.6,S2B_32SNG_20220123_0_L2A,0.05,0.9,451.1
2022-02-22,ziatine,Ziatine,,98.9,S2B_32SNG_20220222_0_L2A,0.05,0.9,
2022-03-24,ziatine,Ziatine,1.473,3.2,S2B_32SNG_20220324_0_L2A,0.05,0.9,163.6
2022-04-08,ziatine,Ziatine,3.876,0.0,S2A_32SNG_20220408_0_L2A,0.05,0.9,430.7
2022-05-13,ziatine,Ziatine,3.743,0.0,S2B_32SNG_20220513_0_L2A,0.05,0.9,415.9
2022-06-12,ziatine,Ziatine,3.446,0.2,S2B_32SNG_20220612_0_L2A,0.05,0.9,382.9
2022-07-22,ziatine,Ziatine,3.388,0.0,S2B_32SNG_20220722_0_L2A,0.05,0.9,376.4
2022-08-01,ziatine,Ziatine,3.264,0.0,S2B_32SNG_20220801_0_L2A,0.05,0.9,362.7
2022-09-10,ziatine,Ziatine,3.088,0.0,S2B_32SNG_20220910_0_L2A,0.05,0.9,343.2
2022-10-30,ziatine,Ziatine,2.712,0.0,S2B_32SNG_20221030_0_L2A,0.05,0.9,301.3
2022-11-14,ziatine,Ziatine,2.651,0.0,S2A_32SNG_20221114_0_L2A,0.05,0.9,294.6
2022-12-04,ziatine,Ziatine,2.675,0.0,S2A_32SNG_20221204_0_L2A,0.05,0.9,297.2
2023-01-08,ziatine,Ziatine,2.596,0.0,S2B_32SNG_20230108_0_L2A,0.05,0.9,288.4
2023-02-22,ziatine,Ziatine,3.133,0.0,S2A_32SNG_20230222_0_L2A,0.05,0.9,348.1
2023-03-24,ziatine,Ziatine,3.163,0.0,S2A_32SNG_20230324_0_L2A,0.05,0.9,351.5
2023-04-08,ziatine,Ziatine,3.025,11.5,S2B_32SNG_20230408_0_L2A,0.05,0.9,336.1
2023-05-03,ziatine,Ziatine,,77.9,S2A_32SNG_20230503_0_L2A,0.05,0.9,
2023-06-12,ziatine,Ziatine,2.162,0.7,S2A_32SNG_20230612_0_L2A,0.05,0.9,240.2
2023-07-17,ziatine,Ziatine,2.462,0.0,S2B_32SNG_20230717_0_L2A,0.05,0.9,273.6
2023-08-16,ziatine,Ziatine,2.516,0.0,S2B_32SNG_20230816_0_L2A,0.05,0.9,279.6
2023-09-10,ziatine,Ziatine,2.336,0.0,S2A_32SNG_20230910_1_L2A,0.05,0.9,259.5
2023-10-10,ziatine,Ziatine,2.034,0.0,S2A_32SNG_20231010_0_L2A,0.05,0.9,226.0
2023-11-14,ziatine,Ziatine,1.708,0.0,S2B_32SNG_20231114_0_L2A,0.05,0.9,189.8
2023-12-24,ziatine,Ziatine,,81.5,S2B_32SNG_20231224_0_L2A,0.05,0.9,
2024-01-13,ziatine,Ziatine,1.806,24.5,S2B_32SNG_20240113_0_L2A,0.05,0.9,200.7
2024-02-22,ziatine,Ziatine,1.445,0.1,S2B_32SNG_20240222_1_L2A,0.05,0.9,160.5
2024-03-18,ziatine,Ziatine,1.791,0.0,S2A_32SNG_20240318_0_L2A,0.05,0.9,199.0
2024-04-27,ziatine,Ziatine,1.558,0.2,S2A_32SNG_20240427_0_L2A,0.05,0.9,173.1
2024-05-12,ziatine,Ziatine,1.761,0.0,S2B_32SNG_20240512_0_L2A,0.05,0.9,195.6
2024-06-06,ziatine,Ziatine,1.790,0.0,S2A_32SNG_20240606_0_L2A,0.05,0.9,198.9
2024-07-31,ziatine,Ziatine,1.554,0.0,S2B_32SNG_20240731_0_L2A,0.05,0.9,172.7
2024-08-25,ziatine,Ziatine,1.544,0.0,S2A_32SNG_20240825_0_L2A,0.05,0.9,171.5
2024-09-29,ziatine,Ziatine,1.411,0.1,S2B_32SNG_20240929_0_L2A,0.05,0.9,156.8
2024-10-09,ziatine,Ziatine,1.398,0.0,S2B_32SNG_20241009_0_L2A,0.05,0.9,155.3
2024-11-13,ziatine,Ziatine,1.346,0.0,S2A_32SNG_20241113_0_L2A,0.05,0.9,149.6
2024-12-18,ziatine,Ziatine,1.403,0.0,S2B_32SNG_20241218_0_L2A,0.05,0.9,155.9
2025-02-16,ziatine,Ziatine,2.496,0.1,S2B_32SNG_20250216_0_L2A,0.05,0.9,277.4
2025-03-08,ziatine,Ziatine,1.738,23.4,S2B_32SNG_20250308_0_L2A,0.05,0.9,193.1
2025-04-07,ziatine,Ziatine,,53.2,S2B_32SNG_20250407_0_L2A,0.05,0.9,
2025-05-27,ziatine,Ziatine,0.959,1.6,S2B_32SNG_20250527_0_L2A,0.05,0.9,106.6
2025-06-01,ziatine,Ziatine,1.669,0.7,S2C_32SNG_20250601_0_L2A,0.05,0.9,185.4
2025-07-01,ziatine,Ziatine,2.236,0.0,S2C_32SNG_20250701_0_L2A,0.05,0.9,248.5
2025-08-25,ziatine,Ziatine,2.200,0.0,S2B_32SNG_20250825_0_L2A,0.05,0.9,244.5
2025-09-01,ziatine,Ziatine,2.174,0.0,S2A_32SNG_20250901_0_L2A,0.05,0.9,241.5
2025-10-31,ziatine,Ziatine,,57.9,S2A_32SNG_20251031_0_L2A,0.05,0.9,
2025-11-13,ziatine,Ziatine,2.030,0.0,S2B_32SNG_20251113_0_L2A,0.05,0.9,225.6
2025-12-13,ziatine,Ziatine,2.375,0.0,S2B_32SNG_20251213_0_L2A,0.05,0.9,263.8
2026-02-06,ziatine,Ziatine,3.974,0.0,S2C_32SNG_20260206_0_L2A,0.05,0.9,441.5
2026-03-08,ziatine,Ziatine,4.108,0.3,S2C_32SNG_20260308_0_L2A,0.05,0.9,456.5
2026-04-07,ziatine,Ziatine,3.857,0.0,S2C_32SNG_20260407_0_L2A,0.05,0.9,428.6
2026-05-19,ziatine,Ziatine,3.567,0.3,S2A_32SNG_20260519_1_L2A,0.05,0.9,396.4
2026-06-18,ziatine,Ziatine,3.643,0.0,S2A_32SNG_20260618_1_L2A,0.05,0.9,404.8
2026-07-21,ziatine,Ziatine,3.358,0.0,S2B_32SNG_20260721_0_L2A,0.05,0.9,373.1
2026-08-20,ziatine,Ziatine,3.299,0.0,S2B_32SNG_20260820_0_L2A,0.05,0.9,366.5
2022-01-28,gamgoum,Gamgoum,0.018,0.0,S2A_32SNF_20220128_0_L2A,0.05,0.6,3.0
2022-02-22,gamgoum,Gamgoum,,66.4,S2B_32SNF_20220222_0_L2A,0.05,0.6,
2022-03-24,gamgoum,Gamgoum,0.043,0.0,S2B_32SNF_20220324_0_L2A,0.05,0.6,7.2
2022-04-08,gamgoum,Gamgoum,0.007,0.0,S2A_32SNF_20220408_0_L2A,0.05,0.6,1.1
2022-05-23,gamgoum,Gamgoum,0.019,0.0,S2B_32SNF_20220523_0_L2A,0.05,0.6,3.2
2022-06-17,gamgoum,Gamgoum,0.029,0.0,S2A_32SNF_20220617_0_L2A,0.05,0.6,4.9
2022-07-17,gamgoum,Gamgoum,0.020,0.0,S2A_32SNF_20220717_0_L2A,0.05,0.6,3.3
2022-08-26,gamgoum,Gamgoum,0.060,0.0,S2A_32SNF_20220826_0_L2A,0.05,0.6,10.0
2022-09-10,gamgoum,Gamgoum,0.041,0.0,S2B_32SNF_20220910_0_L2A,0.05,0.6,6.8
2022-10-20,gamgoum,Gamgoum,0.035,0.0,S2B_32SNF_20221020_0_L2A,0.05,0.6,5.8
2022-11-14,gamgoum,Gamgoum,0.045,0.0,S2A_32SNF_20221114_0_L2A,0.05,0.6,7.6
2022-12-04,gamgoum,Gamgoum,0.040,0.0,S2A_32SNF_20221204_0_L2A,0.05,0.6,6.7
2023-01-08,gamgoum,Gamgoum,0.017,0.0,S2B_32SNF_20230108_0_L2A,0.05,0.6,2.8
2023-02-22,gamgoum,Gamgoum,0.002,0.0,S2A_32SNF_20230222_0_L2A,0.05,0.6,0.4
2023-03-24,gamgoum,Gamgoum,0.024,0.0,S2A_32SNF_20230324_0_L2A,0.05,0.6,4.0
2023-04-08,gamgoum,Gamgoum,0.028,0.0,S2B_32SNF_20230408_0_L2A,0.05,0.6,4.7
2023-05-28,gamgoum,Gamgoum,0.015,0.1,S2B_32SNF_20230528_0_L2A,0.05,0.6,2.5
2023-06-22,gamgoum,Gamgoum,0.050,0.0,S2A_32SNF_20230622_1_L2A,0.05,0.6,8.4
2023-07-22,gamgoum,Gamgoum,0.036,0.0,S2A_32SNF_20230722_0_L2A,0.05,0.6,6.0
2023-08-26,gamgoum,Gamgoum,0.003,0.0,S2B_32SNF_20230826_0_L2A,0.05,0.6,0.5
2023-09-10,gamgoum,Gamgoum,0.007,0.0,S2A_32SNF_20230910_1_L2A,0.05,0.6,1.1
2023-10-10,gamgoum,Gamgoum,0.006,0.0,S2A_32SNF_20231010_0_L2A,0.05,0.6,1.1
2023-11-14,gamgoum,Gamgoum,0.011,0.0,S2B_32SNF_20231114_0_L2A,0.05,0.6,1.8
2023-12-24,gamgoum,Gamgoum,0.041,12.6,S2B_32SNF_20231224_0_L2A,0.05,0.6,6.8
2024-01-13,gamgoum,Gamgoum,,87.4,S2B_32SNF_20240113_0_L2A,0.05,0.6,
2024-02-07,gamgoum,Gamgoum,0.020,0.0,S2A_32SNF_20240207_0_L2A,0.05,0.6,3.4
2024-03-18,gamgoum,Gamgoum,0.032,0.0,S2A_32SNF_20240318_0_L2A,0.05,0.6,5.3
2024-04-27,gamgoum,Gamgoum,0.036,0.0,S2A_32SNF_20240427_0_L2A,0.05,0.6,6.0
2024-05-12,gamgoum,Gamgoum,0.053,0.0,S2B_32SNF_20240512_0_L2A,0.05,0.6,8.9
2024-06-26,gamgoum,Gamgoum,0.012,0.0,S2A_32SNF_20240626_0_L2A,0.05,0.6,2.0
2024-07-31,gamgoum,Gamgoum,0.001,0.0,S2B_32SNF_20240731_0_L2A,0.05,0.6,0.2
2024-08-25,gamgoum,Gamgoum,0.019,1.2,S2A_32SNF_20240825_0_L2A,0.05,0.6,3.2
2024-09-29,gamgoum,Gamgoum,0.052,0.0,S2B_32SNF_20240929_0_L2A,0.05,0.6,8.7
2024-10-04,gamgoum,Gamgoum,0.043,12.9,S2A_32SNF_20241004_0_L2A,0.05,0.6,7.2
2024-11-03,gamgoum,Gamgoum,0.082,0.0,S2A_32SNF_20241103_0_L2A,0.05,0.6,13.6
2024-12-18,gamgoum,Gamgoum,0.048,0.0,S2B_32SNF_20241218_0_L2A,0.05,0.6,7.9
2025-01-07,gamgoum,Gamgoum,0.161,0.1,S2B_32SNF_20250107_0_L2A,0.05,0.6,26.9
2025-02-16,gamgoum,Gamgoum,0.025,0.3,S2B_32SNF_20250216_0_L2A,0.05,0.6,4.2
2025-03-15,gamgoum,Gamgoum,0.001,0.4,S2A_32SNF_20250315_1_L2A,0.05,0.6,0.1
2025-04-04,gamgoum,Gamgoum,,97.8,S2A_32SNF_20250404_1_L2A,0.05,0.6,
2025-05-27,gamgoum,Gamgoum,0.055,0.0,S2B_32SNF_20250527_0_L2A,0.05,0.6,9.2
2025-06-26,gamgoum,Gamgoum,0.010,0.0,S2B_32SNF_20250626_0_L2A,0.05,0.6,1.6
2025-07-23,gamgoum,Gamgoum,0.038,0.0,S2A_32SNF_20250723_0_L2A,0.05,0.6,6.3
2025-08-25,gamgoum,Gamgoum,0.009,0.0,S2B_32SNF_20250825_0_L2A,0.05,0.6,1.5
2025-09-01,gamgoum,Gamgoum,0.063,0.0,S2A_32SNF_20250901_0_L2A,0.05,0.6,10.5
2025-10-21,gamgoum,Gamgoum,0.078,0.0,S2A_32SNF_20251021_0_L2A,0.05,0.6,13.0
2025-11-30,gamgoum,Gamgoum,0.057,0.0,S2A_32SNF_20251130_1_L2A,0.05,0.6,9.6
2025-12-08,gamgoum,Gamgoum,0.131,0.0,S2C_32SNF_20251208_0_L2A,0.05,0.6,21.9
2026-01-09,gamgoum,Gamgoum,0.057,0.0,S2A_32SNF_20260109_0_L2A,0.05,0.6,9.5
2026-02-26,gamgoum,Gamgoum,0.039,0.0,S2C_32SNF_20260226_0_L2A,0.05,0.6,6.6
2026-03-18,gamgoum,Gamgoum,0.051,0.1,S2C_32SNF_20260318_0_L2A,0.05,0.6,8.6
2026-04-07,gamgoum,Gamgoum,0.071,0.0,S2C_32SNF_20260407_0_L2A,0.05,0.6,11.8
2026-05-19,gamgoum,Gamgoum,0.085,0.0,S2A_32SNF_20260519_2_L2A,0.05,0.6,14.2
2026-06-28,gamgoum,Gamgoum,0.097,0.0,S2A_32SNF_20260628_1_L2A,0.05,0.6,16.2
2026-07-08,gamgoum,Gamgoum,0.041,0.0,S2A_32SNF_20260708_1_L2A,0.05,0.6,6.9
2026-08-20,gamgoum,Gamgoum,0.059,0.0,S2B_32SNF_20260820_0_L2A,0.05,0.6,9.8
2022-01-28,moula,Moula,0.001,0.0,S2A_32SMF_20220128_0_L2A,0.05,0.7,0.1
2022-02-07,moula,Moula,,99.8,S2A_32SMF_20220207_0_L2A,0.05,0.7,
2022-03-14,moula,Moula,0.001,0.0,S2B_32SMF_20220314_0_L2A,0.05,0.7,0.2
2022-04-08,moula,Moula,0.000,0.0,S2A_32SNF_20220408_0_L2A,0.05,0.7,0.0
2022-05-23,moula,Moula,0.000,0.0,S2B_32SMF_20220523_0_L2A,0.05,0.7,0.0
2022-06-17,moula,Moula,0.001,0.0,S2A_32SMF_20220617_0_L2A,0.05,0.7,0.1
2022-07-17,moula,Moula,0.001,0.0,S2A_32SMF_20220717_0_L2A,0.05,0.7,0.1
2022-08-26,moula,Moula,0.001,0.0,S2A_32SNF_20220826_0_L2A,0.05,0.7,0.1
2022-09-10,moula,Moula,0.000,0.0,S2B_32SNF_20220910_0_L2A,0.05,0.7,0.1
2022-10-20,moula,Moula,0.001,0.0,S2B_32SMF_20221020_0_L2A,0.05,0.7,0.1
2022-11-14,moula,Moula,0.001,0.0,S2A_32SMF_20221114_0_L2A,0.05,0.7,0.1
2022-12-04,moula,Moula,0.001,0.0,S2A_32SMF_20221204_0_L2A,0.05,0.7,0.1
2023-01-08,moula,Moula,0.001,0.0,S2B_32SNF_20230108_0_L2A,0.05,0.7,0.2
2023-02-22,moula,Moula,0.000,0.0,S2A_32SNF_20230222_0_L2A,0.05,0.7,0.0
2023-03-24,moula,Moula,0.000,0.0,S2A_32SMF_20230324_0_L2A,0.05,0.7,0.0
2023-04-08,moula,Moula,0.000,0.0,S2B_32SNF_20230408_0_L2A,0.05,0.7,0.1
2023-05-28,moula,Moula,0.000,0.5,S2B_32SNF_20230528_0_L2A,0.05,0.7,0.1
2023-06-22,moula,Moula,0.001,0.0,S2A_32SNF_20230622_1_L2A,0.05,0.7,0.1
2023-07-22,moula,Moula,0.001,0.0,S2A_32SNF_20230722_0_L2A,0.05,0.7,0.1
2023-08-26,moula,Moula,0.000,0.0,S2B_32SMF_20230826_0_L2A,0.05,0.7,0.0
2023-09-10,moula,Moula,0.000,0.0,S2A_32SMF_20230910_1_L2A,0.05,0.7,0.0
2023-10-10,moula,Moula,0.001,0.0,S2A_32SMF_20231010_0_L2A,0.05,0.7,0.1
2023-11-14,moula,Moula,0.001,0.0,S2B_32SMF_20231114_0_L2A,0.05,0.7,0.1
2023-12-24,moula,Moula,0.002,37.6,S2B_32SNF_20231224_0_L2A,0.05,0.7,0.2
2024-01-28,moula,Moula,,65.4,S2A_32SMF_20240128_0_L2A,0.05,0.7,
2024-02-07,moula,Moula,0.000,14.0,S2A_32SMF_20240207_0_L2A,0.05,0.7,0.1
2024-03-23,moula,Moula,0.000,5.1,S2B_32SMF_20240323_0_L2A,0.05,0.7,0.0
2024-04-27,moula,Moula,0.000,0.0,S2A_32SMF_20240427_0_L2A,0.05,0.7,0.0
2024-05-12,moula,Moula,0.001,0.0,S2B_32SNF_20240512_0_L2A,0.05,0.7,0.1
2024-06-26,moula,Moula,0.001,0.0,S2A_32SMF_20240626_0_L2A,0.05,0.7,0.1
2024-07-31,moula,Moula,0.000,0.0,S2B_32SMF_20240731_0_L2A,0.05,0.7,0.0
2024-08-10,moula,Moula,0.000,0.0,S2B_32SMF_20240810_0_L2A,0.05,0.7,0.0
2024-09-29,moula,Moula,0.001,0.0,S2B_32SNF_20240929_0_L2A,0.05,0.7,0.1
2024-10-04,moula,Moula,0.001,19.5,S2A_32SNF_20241004_0_L2A,0.05,0.7,0.1
2024-11-03,moula,Moula,0.001,0.0,S2A_32SMF_20241103_0_L2A,0.05,0.7,0.1
2024-12-13,moula,Moula,0.001,26.9,S2A_32SMF_20241213_0_L2A,0.05,0.7,0.1
2025-01-07,moula,Moula,0.001,39.6,S2B_32SNF_20250107_0_L2A,0.05,0.7,0.1
2025-02-16,moula,Moula,0.001,12.4,S2B_32SNF_20250216_0_L2A,0.05,0.7,0.1
2025-03-15,moula,Moula,0.000,12.9,S2A_32SNF_20250315_1_L2A,0.05,0.7,0.0
2025-04-24,moula,Moula,0.000,20.6,S2A_32SMF_20250424_0_L2A,0.05,0.7,0.1
2025-05-27,moula,Moula,0.001,0.0,S2B_32SMF_20250527_0_L2A,0.05,0.7,0.1
2025-06-21,moula,Moula,0.001,0.0,S2C_32SMF_20250621_0_L2A,0.05,0.7,0.1
2025-07-23,moula,Moula,0.001,0.0,S2A_32SNF_20250723_0_L2A,0.05,0.7,0.1
2025-08-25,moula,Moula,0.000,0.0,S2B_32SNF_20250825_0_L2A,0.05,0.7,0.0
2025-09-01,moula,Moula,0.001,0.0,S2A_32SNF_20250901_0_L2A,0.05,0.7,0.1
2025-10-21,moula,Moula,0.001,0.0,S2A_32SNF_20251021_0_L2A,0.05,0.7,0.1
2025-11-30,moula,Moula,0.002,0.0,S2A_32SNF_20251130_1_L2A,0.05,0.7,0.2
2025-12-08,moula,Moula,0.002,0.0,S2C_32SMF_20251208_0_L2A,0.05,0.7,0.2
2026-01-09,moula,Moula,0.002,0.0,S2A_32SNF_20260109_0_L2A,0.05,0.7,0.2
2026-02-26,moula,Moula,0.001,0.0,S2C_32SMF_20260226_0_L2A,0.05,0.7,0.1
2026-03-18,moula,Moula,0.001,22.3,S2C_32SMF_20260318_0_L2A,0.05,0.7,0.1
2026-04-07,moula,Moula,0.001,0.0,S2C_32SMF_20260407_0_L2A,0.05,0.7,0.1
2026-05-19,moula,Moula,0.001,0.0,S2A_32SMF_20260519_0_L2A,0.05,0.7,0.1
2026-06-21,moula,Moula,0.001,0.0,S2B_32SMF_20260621_0_L2A,0.05,0.7,0.1
2026-07-18,moula,Moula,0.001,0.0,S2A_32SMF_20260718_0_L2A,0.05,0.7,0.1
2026-08-20,moula,Moula,0.001,0.0,S2B_32SMF_20260820_0_L2A,0.05,0.7,0.1
2022-01-05,melah,El Melah,19.722,2.5,S2A_32SNG_20220105_0_L2A,0.05,0.8,2465.3
2022-02-09,melah,El Melah,18.991,0.0,S2B_32SNG_20220209_0_L2A,0.05,0.8,2373.8
2022-03-24,melah,El Melah,20.365,23.2,S2B_32SNG_20220324_0_L2A,0.05,0.8,2545.6
2022-04-08,melah,El Melah,36.016,0.0,S2A_32SNG_20220408_0_L2A,0.05,0.8,4502.0
2022-05-15,melah,El Melah,16.660,0.0,S2A_32SNG_20220515_0_L2A,0.05,0.8,2082.5
2022-06-24,melah,El Melah,25.817,0.1,S2A_32SNG_20220624_0_L2A,0.05,0.8,3227.1
2022-07-24,melah,El Melah,19.403,0.1,S2A_32SNG_20220724_0_L2A,0.05,0.8,2425.3
2022-08-13,melah,El Melah,21.779,0.1,S2A_32SNG_20220813_0_L2A,0.05,0.8,2722.4
2022-09-10,melah,El Melah,29.887,0.0,S2B_32SNG_20220910_0_L2A,0.05,0.8,3735.9
2022-10-22,melah,El Melah,11.492,0.1,S2A_32SNG_20221022_0_L2A,0.05,0.8,1436.5
2022-11-01,melah,El Melah,19.144,0.0,S2A_32SNG_20221101_0_L2A,0.05,0.8,2393.0
2022-12-04,melah,El Melah,33.079,0.2,S2A_32SNG_20221204_0_L2A,0.05,0.8,4134.8
2023-01-08,melah,El Melah,33.859,0.1,S2B_32SNG_20230108_0_L2A,0.05,0.8,4232.4
2023-02-19,melah,El Melah,19.360,0.1,S2A_32SNG_20230219_0_L2A,0.05,0.8,2420.0
2023-03-24,melah,El Melah,35.457,0.0,S2A_32SNG_20230324_0_L2A,0.05,0.8,4432.2
2023-04-08,melah,El Melah,35.370,0.6,S2B_32SNG_20230408_0_L2A,0.05,0.8,4421.3
2023-05-10,melah,El Melah,7.717,9.8,S2A_32SNG_20230510_0_L2A,0.05,0.8,964.6
2023-06-29,melah,El Melah,22.750,0.1,S2A_32SNG_20230629_0_L2A,0.05,0.8,2843.7
2023-07-24,melah,El Melah,20.478,0.1,S2B_32SNG_20230724_0_L2A,0.05,0.8,2559.7
2023-08-16,melah,El Melah,31.859,0.0,S2B_32SNG_20230816_0_L2A,0.05,0.8,3982.4
2023-09-10,melah,El Melah,30.814,0.0,S2A_32SNG_20230910_1_L2A,0.05,0.8,3851.7
2023-10-10,melah,El Melah,29.912,0.1,S2A_32SNG_20231010_0_L2A,0.05,0.8,3739.0
2023-11-14,melah,El Melah,31.550,0.1,S2B_32SNG_20231114_0_L2A,0.05,0.8,3943.8
2023-12-26,melah,El Melah,21.220,0.1,S2A_32SNG_20231226_0_L2A,0.05,0.8,2652.5
2024-01-25,melah,El Melah,8.734,0.0,S2A_32SNG_20240125_0_L2A,0.05,0.8,1091.8
2024-02-22,melah,El Melah,35.477,0.0,S2B_32SNG_20240222_1_L2A,0.05,0.8,4434.7
2024-03-18,melah,El Melah,35.821,0.0,S2A_32SNG_20240318_0_L2A,0.05,0.8,4477.6
2024-04-04,melah,El Melah,15.395,0.0,S2A_32SNG_20240404_0_L2A,0.05,0.8,1924.4
2024-05-12,melah,El Melah,32.263,3.7,S2B_32SNG_20240512_0_L2A,0.05,0.8,4032.9
2024-06-28,melah,El Melah,9.507,15.0,S2B_32SNG_20240628_0_L2A,0.05,0.8,1188.4
2024-07-31,melah,El Melah,30.448,0.0,S2B_32SNG_20240731_0_L2A,0.05,0.8,3806.0
2024-08-12,melah,El Melah,14.893,0.2,S2A_32SNG_20240812_0_L2A,0.05,0.8,1861.6
2024-09-01,melah,El Melah,0.000,0.0,S2A_32SNG_20240901_0_L2A,0.05,0.8,0.0
2024-10-01,melah,El Melah,16.923,0.1,S2A_32SNG_20241001_0_L2A,0.05,0.8,2115.4
2024-11-25,melah,El Melah,19.915,0.1,S2B_32SNG_20241125_0_L2A,0.05,0.8,2489.3
2024-12-30,melah,El Melah,21.765,0.7,S2A_32SNG_20241230_0_L2A,0.05,0.8,2720.6
2025-01-24,melah,El Melah,19.186,2.1,S2B_32SNG_20250124_0_L2A,0.05,0.8,2398.2
2025-02-16,melah,El Melah,35.633,1.5,S2B_32SNG_20250216_0_L2A,0.05,0.8,4454.2
2025-03-20,melah,El Melah,18.316,0.0,S2C_32SNG_20250320_0_L2A,0.05,0.8,2289.5
2025-04-19,melah,El Melah,25.020,0.0,S2C_32SNG_20250419_0_L2A,0.05,0.8,3127.5
2025-05-01,melah,El Melah,25.278,0.0,S2A_32SNG_20250501_0_L2A,0.05,0.8,3159.8
2025-06-13,melah,El Melah,12.671,0.0,S2B_32SNG_20250613_1_L2A,0.05,0.8,1583.8
2025-07-20,melah,El Melah,24.660,0.2,S2A_32SNG_20250720_0_L2A,0.05,0.8,3082.5
2025-08-25,melah,El Melah,30.749,0.0,S2B_32SNG_20250825_0_L2A,0.05,0.8,3843.6
2025-09-01,melah,El Melah,30.460,0.1,S2A_32SNG_20250901_0_L2A,0.05,0.8,3807.5
2025-10-26,melah,El Melah,20.794,0.3,S2C_32SNG_20251026_0_L2A,0.05,0.8,2599.3
2025-11-13,melah,El Melah,31.480,0.0,S2B_32SNG_20251113_0_L2A,0.05,0.8,3935.0
2025-12-13,melah,El Melah,34.248,1.6,S2B_32SNG_20251213_0_L2A,0.05,0.8,4281.0
2026-01-14,melah,El Melah,19.017,0.0,S2C_32SNG_20260114_0_L2A,0.05,0.8,2377.1
2026-02-06,melah,El Melah,36.695,0.0,S2C_32SNG_20260206_0_L2A,0.05,0.8,4586.8
2026-03-08,melah,El Melah,35.805,7.3,S2C_32SNG_20260308_0_L2A,0.05,0.8,4475.7
2026-04-07,melah,El Melah,38.076,0.0,S2C_32SNG_20260407_0_L2A,0.05,0.8,4759.5
2026-05-24,melah,El Melah,21.312,0.0,S2C_32SNG_20260524_0_L2A,0.05,0.8,2664.0
2026-06-23,melah,El Melah,20.724,0.0,S2C_32SNG_20260623_0_L2A,0.05,0.8,2590.5
2026-07-15,melah,El Melah,18.061,0.2,S2A_32SNG_20260715_0_L2A,0.05,0.8,2257.7
2026-08-20,melah,El Melah,33.299,0.1,S2B_32SNG_20260820_0_L2A,0.05,0.8,4162.3
2022-01-05,harka,Harka,0.001,6.3,S2A_32SNF_20220105_0_L2A,0.05,0.7,0.1
2022-02-09,harka,Harka,0.002,0.7,S2B_32SNG_20220209_0_L2A,0.05,0.7,0.3
2022-03-24,harka,Harka,,62.7,S2B_32SNG_20220324_0_L2A,0.05,0.7,
2022-04-08,harka,Harka,0.001,0.0,S2A_32SNF_20220408_0_L2A,0.05,0.7,0.1
2022-05-15,harka,Harka,0.005,0.0,S2A_32SNF_20220515_0_L2A,0.05,0.7,0.7
2022-06-24,harka,Harka,0.002,0.0,S2A_32SNF_20220624_0_L2A,0.05,0.7,0.3
2022-07-17,harka,Harka,0.002,0.0,S2A_32SNF_20220717_0_L2A,0.05,0.7,0.3
2022-08-26,harka,Harka,0.003,0.0,S2A_32SNF_20220826_0_L2A,0.05,0.7,0.4
2022-09-10,harka,Harka,0.003,0.0,S2B_32SNF_20220910_0_L2A,0.05,0.7,0.4
2022-10-20,harka,Harka,0.003,0.0,S2B_32SNF_20221020_0_L2A,0.05,0.7,0.4
2022-11-14,harka,Harka,0.003,0.0,S2A_32SNF_20221114_0_L2A,0.05,0.7,0.4
2022-12-04,harka,Harka,0.002,0.0,S2A_32SNF_20221204_0_L2A,0.05,0.7,0.3
2023-01-08,harka,Harka,0.001,0.0,S2B_32SNF_20230108_0_L2A,0.05,0.7,0.2
2023-02-19,harka,Harka,0.001,0.0,S2A_32SNF_20230219_0_L2A,0.05,0.7,0.2
2023-03-24,harka,Harka,0.002,0.0,S2A_32SNF_20230324_0_L2A,0.05,0.7,0.2
2023-04-08,harka,Harka,0.002,0.0,S2B_32SNF_20230408_0_L2A,0.05,0.7,0.2
2023-05-10,harka,Harka,0.005,31.4,S2A_32SNG_20230510_0_L2A,0.05,0.7,0.7
2023-06-29,harka,Harka,0.006,0.0,S2A_32SNG_20230629_0_L2A,0.05,0.7,0.8
2023-07-14,harka,Harka,0.000,0.0,S2B_32SNF_20230714_0_L2A,0.05,0.7,0.1
2023-08-16,harka,Harka,0.004,0.0,S2B_32SNF_20230816_0_L2A,0.05,0.7,0.6
2023-09-10,harka,Harka,0.005,0.0,S2A_32SNG_20230910_1_L2A,0.05,0.7,0.7
2023-10-10,harka,Harka,0.005,0.0,S2A_32SNF_20231010_0_L2A,0.05,0.7,0.8
2023-11-14,harka,Harka,0.005,0.0,S2B_32SNF_20231114_0_L2A,0.05,0.7,0.7
2023-12-26,harka,Harka,0.003,0.0,S2A_32SNF_20231226_0_L2A,0.05,0.7,0.5
2024-01-25,harka,Harka,0.003,0.0,S2A_32SNF_20240125_0_L2A,0.05,0.7,0.4
2024-02-04,harka,Harka,0.000,46.0,S2A_32SNF_20240204_0_L2A,0.05,0.7,0.0
2024-03-30,harka,Harka,0.000,0.0,S2B_32SNF_20240330_0_L2A,0.05,0.7,0.0
2024-04-04,harka,Harka,0.003,0.0,S2A_32SNF_20240404_1_L2A,0.05,0.7,0.5
2024-05-12,harka,Harka,0.004,0.0,S2B_32SNF_20240512_0_L2A,0.05,0.7,0.5
2024-06-26,harka,Harka,0.002,0.0,S2A_32SNF_20240626_0_L2A,0.05,0.7,0.3
2024-07-31,harka,Harka,0.001,0.0,S2B_32SNF_20240731_0_L2A,0.05,0.7,0.2
2024-08-25,harka,Harka,0.004,0.0,S2A_32SNF_20240825_0_L2A,0.05,0.7,0.5
2024-09-01,harka,Harka,0.000,0.0,S2A_32SNG_20240901_0_L2A,0.05,0.7,0.0
2024-10-01,harka,Harka,0.005,0.0,S2A_32SNF_20241001_0_L2A,0.05,0.7,0.7
2024-11-25,harka,Harka,0.004,0.0,S2B_32SNF_20241125_0_L2A,0.05,0.7,0.6
2024-12-10,harka,Harka,0.004,0.0,S2A_32SNF_20241210_0_L2A,0.05,0.7,0.6
2025-01-24,harka,Harka,0.003,0.0,S2B_32SNF_20250124_0_L2A,0.05,0.7,0.4
2025-02-18,harka,Harka,0.004,0.0,S2C_32SNF_20250218_0_L2A,0.05,0.7,0.5
2025-03-20,harka,Harka,0.000,0.0,S2C_32SNG_20250320_0_L2A,0.05,0.7,0.0
2025-04-19,harka,Harka,0.005,0.0,S2C_32SNF_20250419_0_L2A,0.05,0.7,0.7
2025-05-31,harka,Harka,0.002,0.0,S2A_32SNF_20250531_0_L2A,0.05,0.7,0.3
2025-06-13,harka,Harka,0.002,0.0,S2B_32SNG_20250613_1_L2A,0.05,0.7,0.2
2025-07-23,harka,Harka,0.002,0.0,S2A_32SNF_20250723_0_L2A,0.05,0.7,0.3
2025-08-25,harka,Harka,0.005,0.0,S2B_32SNF_20250825_0_L2A,0.05,0.7,0.7
2025-09-01,harka,Harka,0.006,0.0,S2A_32SNF_20250901_0_L2A,0.05,0.7,0.8
2025-10-08,harka,Harka,0.006,0.0,S2A_32SNF_20251008_0_L2A,0.05,0.7,0.8
2025-11-30,harka,Harka,0.006,0.0,S2A_32SNF_20251130_1_L2A,0.05,0.7,0.8
2025-12-08,harka,Harka,0.005,39.0,S2C_32SNF_20251208_0_L2A,0.05,0.7,0.7
2026-01-09,harka,Harka,0.004,0.0,S2A_32SNF_20260109_0_L2A,0.05,0.7,0.6
2026-02-26,harka,Harka,0.006,0.0,S2C_32SNF_20260226_0_L2A,0.05,0.7,0.9
2026-03-08,harka,Harka,0.003,2.0,S2C_32SNG_20260308_0_L2A,0.05,0.7,0.5
2026-04-07,harka,Harka,0.006,0.0,S2C_32SNG_20260407_0_L2A,0.05,0.7,0.8
2026-05-24,harka,Harka,0.003,0.0,S2C_32SNG_20260524_0_L2A,0.05,0.7,0.5
2026-06-18,harka,Harka,0.002,0.0,S2B_32SNF_20260618_0_L2A,0.05,0.7,0.3
2026-07-25,harka,Harka,0.004,0.0,S2A_32SNF_20260725_0_L2A,0.05,0.7,0.5
2026-08-20,harka,Harka,0.003,0.0,S2B_32SNF_20260820_0_L2A,0.05,0.7,0.4
2022-01-28,bou-hertma-lower,Bou Heurtma Lower,0.070,0.0,S2A_32SMF_20220128_0_L2A,0.05,0.9,7.7
2022-02-07,bou-hertma-lower,Bou Heurtma Lower,,71.7,S2A_32SMF_20220207_0_L2A,0.05,0.9,
2022-03-14,bou-hertma-lower,Bou Heurtma Lower,0.043,0.0,S2B_32SMF_20220314_0_L2A,0.05,0.9,4.8
2022-04-08,bou-hertma-lower,Bou Heurtma Lower,0.044,0.0,S2A_32SMF_20220408_0_L2A,0.05,0.9,4.9
2022-05-23,bou-hertma-lower,Bou Heurtma Lower,0.018,0.0,S2B_32SMF_20220523_0_L2A,0.05,0.9,2.0
2022-06-17,bou-hertma-lower,Bou Heurtma Lower,0.030,0.0,S2A_32SMF_20220617_0_L2A,0.05,0.9,3.3
2022-07-17,bou-hertma-lower,Bou Heurtma Lower,0.029,0.0,S2A_32SMF_20220717_0_L2A,0.05,0.9,3.2
2022-08-26,bou-hertma-lower,Bou Heurtma Lower,0.023,0.0,S2A_32SMF_20220826_0_L2A,0.05,0.9,2.5
2022-09-10,bou-hertma-lower,Bou Heurtma Lower,0.050,0.0,S2B_32SMF_20220910_0_L2A,0.05,0.9,5.5
2022-10-20,bou-hertma-lower,Bou Heurtma Lower,0.035,0.0,S2B_32SMF_20221020_0_L2A,0.05,0.9,3.9
2022-11-14,bou-hertma-lower,Bou Heurtma Lower,0.093,0.0,S2A_32SMF_20221114_0_L2A,0.05,0.9,10.4
2022-12-04,bou-hertma-lower,Bou Heurtma Lower,0.107,0.0,S2A_32SMF_20221204_0_L2A,0.05,0.9,11.9
2023-01-08,bou-hertma-lower,Bou Heurtma Lower,0.068,0.0,S2B_32SMF_20230108_0_L2A,0.05,0.9,7.5
2023-02-22,bou-hertma-lower,Bou Heurtma Lower,0.013,0.0,S2A_32SMF_20230222_0_L2A,0.05,0.9,1.5
2023-03-24,bou-hertma-lower,Bou Heurtma Lower,0.069,0.0,S2A_32SMF_20230324_0_L2A,0.05,0.9,7.6
2023-04-08,bou-hertma-lower,Bou Heurtma Lower,0.066,0.0,S2B_32SMF_20230408_0_L2A,0.05,0.9,7.4
2023-06-17,bou-hertma-lower,Bou Heurtma Lower,0.057,0.0,S2B_32SMF_20230617_0_L2A,0.05,0.9,6.3
2023-07-27,bou-hertma-lower,Bou Heurtma Lower,0.019,0.0,S2B_32SMF_20230727_0_L2A,0.05,0.9,2.1
2023-08-26,bou-hertma-lower,Bou Heurtma Lower,0.042,0.0,S2B_32SMF_20230826_0_L2A,0.05,0.9,4.6
2023-09-10,bou-hertma-lower,Bou Heurtma Lower,0.015,0.0,S2A_32SMF_20230910_1_L2A,0.05,0.9,1.6
2023-10-10,bou-hertma-lower,Bou Heurtma Lower,0.050,0.0,S2A_32SMF_20231010_0_L2A,0.05,0.9,5.6
2023-11-14,bou-hertma-lower,Bou Heurtma Lower,0.109,0.0,S2B_32SMF_20231114_0_L2A,0.05,0.9,12.2
2023-12-24,bou-hertma-lower,Bou Heurtma Lower,0.059,18.7,S2B_32SMF_20231224_0_L2A,0.05,0.9,6.6
2024-01-28,bou-hertma-lower,Bou Heurtma Lower,0.073,5.3,S2A_32SMF_20240128_0_L2A,0.05,0.9,8.1
2024-02-07,bou-hertma-lower,Bou Heurtma Lower,0.058,0.0,S2A_32SMF_20240207_0_L2A,0.05,0.9,6.5
2024-03-23,bou-hertma-lower,Bou Heurtma Lower,0.067,0.0,S2B_32SMF_20240323_0_L2A,0.05,0.9,7.4
2024-04-27,bou-hertma-lower,Bou Heurtma Lower,0.033,0.0,S2A_32SMF_20240427_0_L2A,0.05,0.9,3.7
2024-05-12,bou-hertma-lower,Bou Heurtma Lower,0.041,0.0,S2B_32SMF_20240512_0_L2A,0.05,0.9,4.5
2024-06-26,bou-hertma-lower,Bou Heurtma Lower,0.033,0.0,S2A_32SMF_20240626_0_L2A,0.05,0.9,3.7
2024-07-31,bou-hertma-lower,Bou Heurtma Lower,0.022,0.0,S2B_32SMF_20240731_0_L2A,0.05,0.9,2.5
2024-08-10,bou-hertma-lower,Bou Heurtma Lower,0.071,0.0,S2B_32SMF_20240810_0_L2A,0.05,0.9,7.8
2024-09-04,bou-hertma-lower,Bou Heurtma Lower,0.020,0.0,S2A_32SMF_20240904_0_L2A,0.05,0.9,2.3
2024-10-14,bou-hertma-lower,Bou Heurtma Lower,0.023,0.2,S2A_32SMF_20241014_0_L2A,0.05,0.9,2.6
2024-11-03,bou-hertma-lower,Bou Heurtma Lower,0.055,0.0,S2A_32SMF_20241103_0_L2A,0.05,0.9,6.2
2024-12-13,bou-hertma-lower,Bou Heurtma Lower,0.045,0.0,S2A_32SMF_20241213_0_L2A,0.05,0.9,5.0
2025-02-16,bou-hertma-lower,Bou Heurtma Lower,0.099,0.0,S2B_32SMF_20250216_0_L2A,0.05,0.9,11.0
2025-03-08,bou-hertma-lower,Bou Heurtma Lower,0.077,0.0,S2B_32SMF_20250308_0_L2A,0.05,0.9,8.5
2025-04-24,bou-hertma-lower,Bou Heurtma Lower,0.098,0.0,S2A_32SMF_20250424_0_L2A,0.05,0.9,10.9
2025-05-27,bou-hertma-lower,Bou Heurtma Lower,0.054,0.0,S2B_32SMF_20250527_0_L2A,0.05,0.9,6.0
2025-06-21,bou-hertma-lower,Bou Heurtma Lower,0.025,0.0,S2C_32SMF_20250621_0_L2A,0.05,0.9,2.8
2025-07-23,bou-hertma-lower,Bou Heurtma Lower,0.044,0.0,S2A_32SMF_20250723_0_L2A,0.05,0.9,4.9
2025-08-12,bou-hertma-lower,Bou Heurtma Lower,0.187,0.0,S2A_32SMF_20250812_0_L2A,0.05,0.9,20.7
2025-09-01,bou-hertma-lower,Bou Heurtma Lower,0.089,0.0,S2A_32SMF_20250901_0_L2A,0.05,0.9,9.9
2025-10-21,bou-hertma-lower,Bou Heurtma Lower,0.082,0.0,S2A_32SMF_20251021_0_L2A,0.05,0.9,9.1
2025-11-30,bou-hertma-lower,Bou Heurtma Lower,0.092,0.0,S2A_32SMF_20251130_0_L2A,0.05,0.9,10.2
2025-12-08,bou-hertma-lower,Bou Heurtma Lower,0.096,0.0,S2C_32SMF_20251208_0_L2A,0.05,0.9,10.6
2026-01-09,bou-hertma-lower,Bou Heurtma Lower,0.076,0.0,S2A_32SMF_20260109_0_L2A,0.05,0.9,8.5
2026-02-26,bou-hertma-lower,Bou Heurtma Lower,0.173,0.0,S2C_32SMF_20260226_0_L2A,0.05,0.9,19.2
2026-03-18,bou-hertma-lower,Bou Heurtma Lower,0.101,0.8,S2C_32SMF_20260318_0_L2A,0.05,0.9,11.2
2026-04-07,bou-hertma-lower,Bou Heurtma Lower,0.142,0.0,S2C_32SMF_20260407_0_L2A,0.05,0.9,15.8
2026-05-19,bou-hertma-lower,Bou Heurtma Lower,0.052,0.0,S2A_32SMF_20260519_1_L2A,0.05,0.9,5.8
2026-06-21,bou-hertma-lower,Bou Heurtma Lower,0.112,0.0,S2B_32SMF_20260621_0_L2A,0.05,0.9,12.4
2026-07-18,bou-hertma-lower,Bou Heurtma Lower,0.044,0.0,S2A_32SMF_20260718_0_L2A,0.05,0.9,4.8
2026-08-20,bou-hertma-lower,Bou Heurtma Lower,0.120,0.0,S2B_32SMF_20260820_0_L2A,0.05,0.9,13.3
2022-01-28,kebir,El Kebir,1.645,0.0,S2A_32SMF_20220128_0_L2A,0.05,0.9,182.8
2022-02-22,kebir,El Kebir,1.576,42.6,S2B_32SNG_20220222_0_L2A,0.05,0.9,175.1
2022-03-14,kebir,El Kebir,1.617,0.0,S2B_32SMF_20220314_0_L2A,0.05,0.9,179.6
2022-04-08,kebir,El Kebir,1.603,0.0,S2A_32SNF_20220408_0_L2A,0.05,0.9,178.1
2022-05-13,kebir,El Kebir,1.339,0.0,S2B_32SMG_20220513_0_L2A,0.05,0.9,148.8
2022-06-17,kebir,El Kebir,0.713,0.9,S2A_32SMF_20220617_0_L2A,0.05,0.9,79.2
2022-07-17,kebir,El Kebir,0.522,0.0,S2A_32SMG_20220717_0_L2A,0.05,0.9,58.0
2022-08-26,kebir,El Kebir,0.131,0.0,S2A_32SNF_20220826_0_L2A,0.05,0.9,14.6
2022-09-10,kebir,El Kebir,0.045,0.0,S2B_32SNF_20220910_0_L2A,0.05,0.9,5.0
2022-10-20,kebir,El Kebir,0.139,0.0,S2B_32SMF_20221020_0_L2A,0.05,0.9,15.4
2022-11-14,kebir,El Kebir,0.240,0.0,S2A_32SMF_20221114_0_L2A,0.05,0.9,26.7
2022-12-04,kebir,El Kebir,0.396,0.0,S2A_32SMG_20221204_0_L2A,0.05,0.9,43.9
2023-01-08,kebir,El Kebir,0.347,0.0,S2B_32SNF_20230108_0_L2A,0.05,0.9,38.5
2023-02-22,kebir,El Kebir,0.308,0.0,S2A_32SNF_20230222_0_L2A,0.05,0.9,34.2
2023-03-24,kebir,El Kebir,0.327,0.0,S2A_32SMF_20230324_0_L2A,0.05,0.9,36.3
2023-04-08,kebir,El Kebir,0.370,0.0,S2B_32SNF_20230408_0_L2A,0.05,0.9,41.2
2023-05-03,kebir,El Kebir,,86.1,S2A_32SMG_20230503_0_L2A,0.05,0.9,
2023-06-12,kebir,El Kebir,0.208,0.0,S2A_32SMG_20230612_0_L2A,0.05,0.9,23.2
2023-07-12,kebir,El Kebir,0.073,0.0,S2A_32SMG_20230712_0_L2A,0.05,0.9,8.1
2023-08-26,kebir,El Kebir,0.000,0.0,S2B_32SMF_20230826_0_L2A,0.05,0.9,0.0
2023-09-10,kebir,El Kebir,0.003,0.0,S2A_32SMG_20230910_1_L2A,0.05,0.9,0.3
2023-10-10,kebir,El Kebir,0.002,0.0,S2A_32SMF_20231010_0_L2A,0.05,0.9,0.2
2023-11-14,kebir,El Kebir,0.002,0.0,S2B_32SMG_20231114_0_L2A,0.05,0.9,0.2
2023-12-24,kebir,El Kebir,,50.4,S2B_32SNF_20231224_0_L2A,0.05,0.9,
2024-01-28,kebir,El Kebir,0.332,14.4,S2A_32SMF_20240128_0_L2A,0.05,0.9,36.9
2024-02-07,kebir,El Kebir,0.247,12.9,S2A_32SMF_20240207_0_L2A,0.05,0.9,27.4
2024-03-23,kebir,El Kebir,0.318,9.8,S2B_32SMF_20240323_0_L2A,0.05,0.9,35.3
2024-04-27,kebir,El Kebir,0.196,0.0,S2A_32SMF_20240427_0_L2A,0.05,0.9,21.7
2024-05-12,kebir,El Kebir,0.243,0.0,S2B_32SNF_20240512_0_L2A,0.05,0.9,27.0
2024-06-26,kebir,El Kebir,0.037,0.0,S2A_32SMF_20240626_0_L2A,0.05,0.9,4.1
2024-07-31,kebir,El Kebir,0.001,0.0,S2B_32SMF_20240731_0_L2A,0.05,0.9,0.1
2024-08-10,kebir,El Kebir,0.001,0.0,S2B_32SMF_20240810_0_L2A,0.05,0.9,0.1
2024-09-29,kebir,El Kebir,0.015,1.5,S2B_32SNG_20240929_0_L2A,0.05,0.9,1.7
2024-10-04,kebir,El Kebir,0.001,0.9,S2A_32SNF_20241004_0_L2A,0.05,0.9,0.1
2024-11-03,kebir,El Kebir,0.001,0.0,S2A_32SMF_20241103_0_L2A,0.05,0.9,0.1
2024-12-13,kebir,El Kebir,0.366,0.0,S2A_32SMG_20241213_0_L2A,0.05,0.9,40.6
2025-01-07,kebir,El Kebir,0.387,7.5,S2B_32SNF_20250107_0_L2A,0.05,0.9,43.0
2025-02-16,kebir,El Kebir,0.547,0.0,S2B_32SNF_20250216_0_L2A,0.05,0.9,60.8
2025-03-08,kebir,El Kebir,0.503,9.1,S2B_32SMG_20250308_0_L2A,0.05,0.9,55.9
2025-04-24,kebir,El Kebir,,51.5,S2A_32SMF_20250424_0_L2A,0.05,0.9,
2025-05-27,kebir,El Kebir,0.207,0.0,S2B_32SMF_20250527_0_L2A,0.05,0.9,23.0
2025-06-23,kebir,El Kebir,0.136,0.0,S2A_32SMG_20250623_0_L2A,0.05,0.9,15.1
2025-07-11,kebir,El Kebir,0.071,0.0,S2C_32SMG_20250711_0_L2A,0.05,0.9,7.9
2025-08-25,kebir,El Kebir,0.007,0.0,S2B_32SNF_20250825_0_L2A,0.05,0.9,0.8
2025-09-01,kebir,El Kebir,0.008,0.0,S2A_32SNF_20250901_0_L2A,0.05,0.9,0.9
2025-10-21,kebir,El Kebir,0.005,0.0,S2A_32SNF_20251021_0_L2A,0.05,0.9,0.5
2025-11-30,kebir,El Kebir,0.519,0.0,S2A_32SMG_20251130_0_L2A,0.05,0.9,57.6
2025-12-08,kebir,El Kebir,0.496,47.8,S2C_32SMF_20251208_0_L2A,0.05,0.9,55.1
2026-01-09,kebir,El Kebir,0.232,0.0,S2A_32SNF_20260109_0_L2A,0.05,0.9,25.8
2026-02-26,kebir,El Kebir,1.752,0.0,S2C_32SMF_20260226_0_L2A,0.05,0.9,194.6
2026-03-08,kebir,El Kebir,1.656,0.0,S2C_32SMG_20260308_0_L2A,0.05,0.9,184.0
2026-04-29,kebir,El Kebir,0.000,0.0,S2A_32SMF_20260429_0_L2A,0.05,0.9,0.0
2026-05-19,kebir,El Kebir,1.357,0.0,S2A_32SMG_20260519_0_L2A,0.05,0.9,150.7
2026-06-28,kebir,El Kebir,0.814,0.0,S2A_32SMG_20260628_1_L2A,0.05,0.9,90.4
2026-07-18,kebir,El Kebir,0.511,0.0,S2A_32SMG_20260718_0_L2A,0.05,0.9,56.8
2026-08-17,kebir,El Kebir,0.238,0.0,S2A_32SMG_20260817_1_L2A,0.05,0.9,26.5
2022-01-05,douimis,Douimis,19.594,0.3,S2A_32SNG_20220105_0_L2A,0.05,0.5,3918.8
2022-02-09,douimis,Douimis,19.472,0.0,S2B_32SNG_20220209_0_L2A,0.05,0.5,3894.4
2022-03-24,douimis,Douimis,17.723,0.0,S2B_32SNG_20220324_0_L2A,0.05,0.5,3544.7
2022-04-08,douimis,Douimis,20.157,0.0,S2A_32SNG_20220408_0_L2A,0.05,0.5,4031.5
2022-05-15,douimis,Douimis,20.258,0.0,S2A_32SNG_20220515_0_L2A,0.05,0.5,4051.6
2022-06-24,douimis,Douimis,19.732,0.0,S2A_32SNG_20220624_0_L2A,0.05,0.5,3946.4
2022-07-24,douimis,Douimis,19.409,0.0,S2A_32SNG_20220724_0_L2A,0.05,0.5,3881.8
2022-08-13,douimis,Douimis,19.680,0.1,S2A_32SNG_20220813_0_L2A,0.05,0.5,3936.1
2022-09-10,douimis,Douimis,20.023,0.0,S2B_32SNG_20220910_0_L2A,0.05,0.5,4004.5
2022-10-22,douimis,Douimis,19.806,0.0,S2A_32SNG_20221022_0_L2A,0.05,0.5,3961.1
2022-11-01,douimis,Douimis,19.252,0.0,S2A_32SNG_20221101_0_L2A,0.05,0.5,3850.4
2022-12-04,douimis,Douimis,20.603,0.0,S2A_32SNG_20221204_0_L2A,0.05,0.5,4120.5
2023-01-08,douimis,Douimis,20.033,0.0,S2B_32SNG_20230108_0_L2A,0.05,0.5,4006.6
2023-02-19,douimis,Douimis,18.876,0.1,S2A_32SNG_20230219_0_L2A,0.05,0.5,3775.2
2023-03-24,douimis,Douimis,20.121,0.0,S2A_32SNG_20230324_0_L2A,0.05,0.5,4024.3
2023-04-08,douimis,Douimis,17.587,26.9,S2B_32SNG_20230408_0_L2A,0.05,0.5,3517.3
2023-05-10,douimis,Douimis,17.533,15.0,S2A_32SNG_20230510_0_L2A,0.05,0.5,3506.5
2023-06-29,douimis,Douimis,19.737,0.0,S2A_32SNG_20230629_0_L2A,0.05,0.5,3947.3
2023-07-24,douimis,Douimis,18.069,0.0,S2B_32SNG_20230724_0_L2A,0.05,0.5,3613.7
2023-08-16,douimis,Douimis,18.670,0.0,S2B_32SNG_20230816_0_L2A,0.05,0.5,3733.9
2023-09-10,douimis,Douimis,19.353,0.0,S2A_32SNG_20230910_1_L2A,0.05,0.5,3870.5
2023-10-10,douimis,Douimis,18.868,0.0,S2A_32SNG_20231010_0_L2A,0.05,0.5,3773.5
2023-11-14,douimis,Douimis,20.842,0.0,S2B_32SNG_20231114_0_L2A,0.05,0.5,4168.5
2023-12-26,douimis,Douimis,20.759,0.0,S2A_32SNG_20231226_0_L2A,0.05,0.5,4151.9
2024-01-25,douimis,Douimis,18.053,0.0,S2A_32SNG_20240125_0_L2A,0.05,0.5,3610.5
2024-02-22,douimis,Douimis,9.907,0.0,S2B_32SNG_20240222_1_L2A,0.05,0.5,1981.4
2024-03-18,douimis,Douimis,20.309,0.0,S2A_32SNG_20240318_0_L2A,0.05,0.5,4061.8
2024-04-04,douimis,Douimis,20.769,0.0,S2A_32SNG_20240404_0_L2A,0.05,0.5,4153.8
2024-05-12,douimis,Douimis,19.052,1.5,S2B_32SNG_20240512_0_L2A,0.05,0.5,3810.3
2024-06-28,douimis,Douimis,7.463,1.4,S2B_32SNG_20240628_0_L2A,0.05,0.5,1492.6
2024-07-31,douimis,Douimis,19.108,0.0,S2B_32SNG_20240731_0_L2A,0.05,0.5,3821.7
2024-08-12,douimis,Douimis,19.207,0.0,S2A_32SNG_20240812_0_L2A,0.05,0.5,3841.4
2024-09-01,douimis,Douimis,0.000,0.0,S2A_32SNG_20240901_0_L2A,0.05,0.5,0.0
2024-10-01,douimis,Douimis,20.187,0.0,S2A_32SNG_20241001_0_L2A,0.05,0.5,4037.4
2024-11-25,douimis,Douimis,20.482,0.0,S2B_32SNG_20241125_0_L2A,0.05,0.5,4096.4
2024-12-30,douimis,Douimis,20.133,0.0,S2A_32SNG_20241230_0_L2A,0.05,0.5,4026.5
2025-01-24,douimis,Douimis,19.971,2.3,S2B_32SNG_20250124_0_L2A,0.05,0.5,3994.2
2025-02-16,douimis,Douimis,18.249,6.7,S2B_32SNG_20250216_0_L2A,0.05,0.5,3649.8
2025-03-20,douimis,Douimis,18.701,0.5,S2C_32SNG_20250320_0_L2A,0.05,0.5,3740.2
2025-04-19,douimis,Douimis,20.362,0.0,S2C_32SNG_20250419_0_L2A,0.05,0.5,4072.3
2025-05-01,douimis,Douimis,19.697,0.0,S2A_32SNG_20250501_0_L2A,0.05,0.5,3939.3
2025-06-13,douimis,Douimis,19.278,0.0,S2B_32SNG_20250613_1_L2A,0.05,0.5,3855.6
2025-07-20,douimis,Douimis,19.238,0.0,S2A_32SNG_20250720_0_L2A,0.05,0.5,3847.5
2025-08-25,douimis,Douimis,20.369,0.0,S2B_32SNG_20250825_0_L2A,0.05,0.5,4073.7
2025-09-01,douimis,Douimis,19.869,0.0,S2A_32SNG_20250901_0_L2A,0.05,0.5,3973.8
2025-10-26,douimis,Douimis,18.176,0.4,S2C_32SNG_20251026_0_L2A,0.05,0.5,3635.2
2025-11-13,douimis,Douimis,20.111,0.0,S2B_32SNG_20251113_0_L2A,0.05,0.5,4022.3
2025-12-13,douimis,Douimis,20.511,0.0,S2B_32SNG_20251213_0_L2A,0.05,0.5,4102.3
2026-01-14,douimis,Douimis,21.040,0.1,S2C_32SNG_20260114_0_L2A,0.05,0.5,4208.1
2026-02-06,douimis,Douimis,19.637,0.0,S2C_32SNG_20260206_0_L2A,0.05,0.5,3927.4
2026-03-08,douimis,Douimis,18.837,6.6,S2C_32SNG_20260308_0_L2A,0.05,0.5,3767.5
2026-04-07,douimis,Douimis,20.227,0.0,S2C_32SNG_20260407_0_L2A,0.05,0.5,4045.3
2026-05-24,douimis,Douimis,19.764,0.0,S2C_32SNG_20260524_0_L2A,0.05,0.5,3952.9
2026-06-23,douimis,Douimis,19.247,0.0,S2C_32SNG_20260623_0_L2A,0.05,0.5,3849.5
2026-07-15,douimis,Douimis,19.947,0.0,S2A_32SNG_20260715_0_L2A,0.05,0.5,3989.4
2026-08-20,douimis,Douimis,19.469,0.0,S2B_32SNG_20260820_0_L2A,0.05,0.5,3893.8
2022-01-30,el-breck,El Breck,0.011,0.0,S2B_32SPF_20220130_1_L2A,0.05,0.4,2.9
2022-02-09,el-breck,El Breck,0.010,1.7,S2B_32SPF_20220209_0_L2A,0.05,0.4,2.6
2022-03-29,el-breck,El Breck,0.001,18.2,S2A_32SPF_20220329_0_L2A,0.05,0.4,0.1
2022-04-08,el-breck,El Breck,0.001,0.0,S2A_32SNF_20220408_0_L2A,0.05,0.4,0.3
2022-05-15,el-breck,El Breck,0.007,0.0,S2A_32SNF_20220515_0_L2A,0.05,0.4,1.7
2022-06-24,el-breck,El Breck,0.000,0.0,S2A_32SNF_20220624_0_L2A,0.05,0.4,0.0
2022-07-17,el-breck,El Breck,0.001,0.0,S2A_32SNF_20220717_0_L2A,0.05,0.4,0.2
2022-08-26,el-breck,El Breck,0.001,0.0,S2A_32SNF_20220826_0_L2A,0.05,0.4,0.3
2022-09-10,el-breck,El Breck,0.006,0.0,S2B_32SPF_20220910_0_L2A,0.05,0.4,1.6
2022-10-20,el-breck,El Breck,0.002,0.0,S2B_32SNF_20221020_0_L2A,0.05,0.4,0.4
2022-11-14,el-breck,El Breck,0.003,0.0,S2A_32SNF_20221114_0_L2A,0.05,0.4,0.8
2022-12-04,el-breck,El Breck,0.002,0.0,S2A_32SNF_20221204_0_L2A,0.05,0.4,0.4
2023-01-08,el-breck,El Breck,0.001,0.0,S2B_32SNF_20230108_0_L2A,0.05,0.4,0.3
2023-02-22,el-breck,El Breck,0.003,0.0,S2A_32SPF_20230222_0_L2A,0.05,0.4,0.7
2023-03-24,el-breck,El Breck,0.002,0.0,S2A_32SNF_20230324_0_L2A,0.05,0.4,0.6
2023-04-08,el-breck,El Breck,0.002,0.2,S2B_32SPF_20230408_0_L2A,0.05,0.4,0.6
2023-05-28,el-breck,El Breck,0.001,0.0,S2B_32SNF_20230528_0_L2A,0.05,0.4,0.3
2023-06-22,el-breck,El Breck,0.008,0.0,S2A_32SNF_20230622_1_L2A,0.05,0.4,1.9
2023-07-14,el-breck,El Breck,0.010,0.0,S2B_32SNF_20230714_0_L2A,0.05,0.4,2.6
2023-08-26,el-breck,El Breck,0.004,0.0,S2B_32SPF_20230826_0_L2A,0.05,0.4,1.0
2023-09-15,el-breck,El Breck,0.007,0.0,S2B_32SPF_20230915_0_L2A,0.05,0.4,1.8
2023-10-10,el-breck,El Breck,0.003,0.0,S2A_32SNF_20231010_0_L2A,0.05,0.4,0.6
2023-11-14,el-breck,El Breck,0.002,0.0,S2B_32SPF_20231114_0_L2A,0.05,0.4,0.5
2023-12-26,el-breck,El Breck,0.019,0.0,S2A_32SNF_20231226_0_L2A,0.05,0.4,4.8
2024-01-25,el-breck,El Breck,0.017,0.0,S2A_32SNF_20240125_0_L2A,0.05,0.4,4.2
2024-02-04,el-breck,El Breck,0.017,0.0,S2A_32SPF_20240204_0_L2A,0.05,0.4,4.3
2024-03-30,el-breck,El Breck,0.001,0.0,S2B_32SNF_20240330_0_L2A,0.05,0.4,0.3
2024-04-04,el-breck,El Breck,0.014,0.0,S2A_32SNF_20240404_1_L2A,0.05,0.4,3.5
2024-05-12,el-breck,El Breck,0.018,0.0,S2B_32SNF_20240512_0_L2A,0.05,0.4,4.5
2024-06-26,el-breck,El Breck,0.014,0.0,S2A_32SNF_20240626_0_L2A,0.05,0.4,3.4
2024-07-31,el-breck,El Breck,0.007,0.0,S2B_32SNF_20240731_0_L2A,0.05,0.4,1.8
2024-08-10,el-breck,El Breck,0.007,0.0,S2B_32SPF_20240810_0_L2A,0.05,0.4,1.7
2024-09-01,el-breck,El Breck,0.000,0.0,S2A_32SNF_20240901_0_L2A,0.05,0.4,0.0
2024-10-01,el-breck,El Breck,0.015,0.0,S2A_32SNF_20241001_0_L2A,0.05,0.4,3.7
2024-11-25,el-breck,El Breck,0.017,0.0,S2B_32SNF_20241125_0_L2A,0.05,0.4,4.3
2024-12-10,el-breck,El Breck,0.016,0.0,S2A_32SNF_20241210_0_L2A,0.05,0.4,4.0
2025-01-24,el-breck,El Breck,0.019,0.0,S2B_32SNF_20250124_0_L2A,0.05,0.4,4.7
2025-02-16,el-breck,El Breck,0.019,1.8,S2B_32SPF_20250216_0_L2A,0.05,0.4,4.8
2025-03-15,el-breck,El Breck,0.000,5.1,S2B_32SNF_20250315_0_L2A,0.05,0.4,0.0
2025-04-19,el-breck,El Breck,0.020,0.0,S2C_32SNF_20250419_0_L2A,0.05,0.4,4.9
2025-05-31,el-breck,El Breck,0.014,0.0,S2A_32SNF_20250531_0_L2A,0.05,0.4,3.6
2025-06-23,el-breck,El Breck,0.011,0.0,S2B_32SPF_20250623_1_L2A,0.05,0.4,2.8
2025-07-23,el-breck,El Breck,0.007,0.0,S2A_32SNF_20250723_0_L2A,0.05,0.4,1.7
2025-08-25,el-breck,El Breck,0.011,0.0,S2B_32SNF_20250825_0_L2A,0.05,0.4,2.6
2025-09-01,el-breck,El Breck,0.014,0.0,S2A_32SNF_20250901_0_L2A,0.05,0.4,3.4
2025-10-08,el-breck,El Breck,0.012,0.0,S2A_32SNF_20251008_0_L2A,0.05,0.4,3.0
2025-11-30,el-breck,El Breck,0.004,0.0,S2A_32SNF_20251130_1_L2A,0.05,0.4,1.0
2025-12-08,el-breck,El Breck,0.009,0.7,S2C_32SNF_20251208_0_L2A,0.05,0.4,2.3
2026-01-09,el-breck,El Breck,0.021,0.0,S2A_32SNF_20260109_0_L2A,0.05,0.4,5.1
2026-02-26,el-breck,El Breck,0.026,0.0,S2C_32SNF_20260226_0_L2A,0.05,0.4,6.5
2026-03-18,el-breck,El Breck,0.029,0.4,S2C_32SNF_20260318_0_L2A,0.05,0.4,7.3
2026-04-07,el-breck,El Breck,0.027,0.0,S2C_32SNF_20260407_0_L2A,0.05,0.4,6.8
2026-05-29,el-breck,El Breck,0.015,0.0,S2B_32SPF_20260529_0_L2A,0.05,0.4,3.7
2026-06-18,el-breck,El Breck,0.013,0.0,S2B_32SNF_20260618_0_L2A,0.05,0.4,3.2
2026-07-25,el-breck,El Breck,0.006,0.0,S2A_32SNF_20260725_0_L2A,0.05,0.4,1.5
2026-08-20,el-breck,El Breck,0.005,0.0,S2B_32SNF_20260820_0_L2A,0.05,0.4,1.2
2022-01-30,sidi-abdelmoumen,Sidi Abdelmoumen,0.001,0.0,S2B_32SNE_20220130_0_L2A,0.05,0.9,0.1
2022-02-07,sidi-abdelmoumen,Sidi Abdelmoumen,0.000,0.0,S2A_32SNE_20220207_0_L2A,0.05,0.9,0.0
2022-03-29,sidi-abdelmoumen,Sidi Abdelmoumen,0.018,0.0,S2A_32SNE_20220329_0_L2A,0.05,0.9,2.0
2022-04-08,sidi-abdelmoumen,Sidi Abdelmoumen,0.073,0.0,S2A_32SNE_20220408_0_L2A,0.05,0.9,8.1
2022-05-23,sidi-abdelmoumen,Sidi Abdelmoumen,0.091,0.0,S2B_32SNE_20220523_0_L2A,0.05,0.9,10.1
2022-06-24,sidi-abdelmoumen,Sidi Abdelmoumen,0.032,0.0,S2A_32SNE_20220624_0_L2A,0.05,0.9,3.6
2022-07-19,sidi-abdelmoumen,Sidi Abdelmoumen,0.021,0.0,S2B_32SNE_20220719_0_L2A,0.05,0.9,2.3
2022-08-13,sidi-abdelmoumen,Sidi Abdelmoumen,0.013,0.0,S2A_32SNE_20220813_0_L2A,0.05,0.9,1.5
2022-09-15,sidi-abdelmoumen,Sidi Abdelmoumen,0.001,0.0,S2A_32SNE_20220915_0_L2A,0.05,0.9,0.2
2022-10-20,sidi-abdelmoumen,Sidi Abdelmoumen,0.002,0.0,S2B_32SNE_20221020_0_L2A,0.05,0.9,0.2
2022-11-21,sidi-abdelmoumen,Sidi Abdelmoumen,0.003,0.0,S2A_32SNE_20221121_0_L2A,0.05,0.9,0.4
2022-12-26,sidi-abdelmoumen,Sidi Abdelmoumen,0.003,0.0,S2B_32SNE_20221226_0_L2A,0.05,0.9,0.4
2023-01-03,sidi-abdelmoumen,Sidi Abdelmoumen,0.002,0.0,S2A_32SNE_20230103_0_L2A,0.05,0.9,0.2
2023-02-22,sidi-abdelmoumen,Sidi Abdelmoumen,0.000,0.0,S2A_32SNE_20230222_0_L2A,0.05,0.9,0.0
2023-03-24,sidi-abdelmoumen,Sidi Abdelmoumen,0.002,0.0,S2A_32SNE_20230324_0_L2A,0.05,0.9,0.2
2023-04-08,sidi-abdelmoumen,Sidi Abdelmoumen,0.001,0.0,S2B_32SNE_20230408_0_L2A,0.05,0.9,0.2
2023-05-18,sidi-abdelmoumen,Sidi Abdelmoumen,0.002,0.0,S2B_32SNE_20230518_0_L2A,0.05,0.9,0.2
2023-06-27,sidi-abdelmoumen,Sidi Abdelmoumen,0.031,0.0,S2B_32SNE_20230627_0_L2A,0.05,0.9,3.4
2023-07-24,sidi-abdelmoumen,Sidi Abdelmoumen,0.000,0.0,S2B_32SNE_20230724_0_L2A,0.05,0.9,0.0
2023-08-13,sidi-abdelmoumen,Sidi Abdelmoumen,0.000,0.0,S2B_32SNE_20230813_0_L2A,0.05,0.9,0.0
2023-09-17,sidi-abdelmoumen,Sidi Abdelmoumen,0.000,0.0,S2A_32SNE_20230917_0_L2A,0.05,0.9,0.0
2023-10-12,sidi-abdelmoumen,Sidi Abdelmoumen,0.000,0.0,S2B_32SNE_20231012_0_L2A,0.05,0.9,0.0
2023-11-14,sidi-abdelmoumen,Sidi Abdelmoumen,0.000,0.0,S2B_32SNE_20231114_0_L2A,0.05,0.9,0.0
2023-12-26,sidi-abdelmoumen,Sidi Abdelmoumen,0.004,0.0,S2A_32SNE_20231226_0_L2A,0.05,0.9,0.4
2024-01-25,sidi-abdelmoumen,Sidi Abdelmoumen,0.000,0.0,S2A_32SNE_20240125_0_L2A,0.05,0.9,0.0
2024-02-04,sidi-abdelmoumen,Sidi Abdelmoumen,0.000,0.0,S2A_32SNE_20240204_0_L2A,0.05,0.9,0.0
2024-03-20,sidi-abdelmoumen,Sidi Abdelmoumen,0.000,0.0,S2B_32SNE_20240320_0_L2A,0.05,0.9,0.0
2024-04-04,sidi-abdelmoumen,Sidi Abdelmoumen,0.000,0.0,S2A_32SNE_20240404_0_L2A,0.05,0.9,0.0
2024-05-27,sidi-abdelmoumen,Sidi Abdelmoumen,0.000,0.0,S2A_32SNE_20240527_1_L2A,0.05,0.9,0.0
2024-06-06,sidi-abdelmoumen,Sidi Abdelmoumen,0.000,0.0,S2A_32SNE_20240606_0_L2A,0.05,0.9,0.0
2024-07-11,sidi-abdelmoumen,Sidi Abdelmoumen,0.000,0.0,S2B_32SNE_20240711_0_L2A,0.05,0.9,0.0
2024-08-12,sidi-abdelmoumen,Sidi Abdelmoumen,0.000,0.0,S2A_32SNE_20240812_0_L2A,0.05,0.9,0.0
2024-09-01,sidi-abdelmoumen,Sidi Abdelmoumen,0.000,0.0,S2A_32SNE_20240901_0_L2A,0.05,0.9,0.0
2024-10-01,sidi-abdelmoumen,Sidi Abdelmoumen,0.003,0.0,S2A_32SNE_20241001_0_L2A,0.05,0.9,0.3
2024-11-25,sidi-abdelmoumen,Sidi Abdelmoumen,0.003,0.0,S2B_32SNE_20241125_0_L2A,0.05,0.9,0.3
2024-12-18,sidi-abdelmoumen,Sidi Abdelmoumen,0.001,0.0,S2B_32SNE_20241218_0_L2A,0.05,0.9,0.1
2025-01-24,sidi-abdelmoumen,Sidi Abdelmoumen,0.001,0.0,S2B_32SNE_20250124_0_L2A,0.05,0.9,0.1
2025-02-18,sidi-abdelmoumen,Sidi Abdelmoumen,0.001,0.0,S2C_32SNE_20250218_0_L2A,0.05,0.9,0.1
2025-03-22,sidi-abdelmoumen,Sidi Abdelmoumen,0.000,0.0,S2A_32SNE_20250322_0_L2A,0.05,0.9,0.0
2025-04-04,sidi-abdelmoumen,Sidi Abdelmoumen,0.000,0.0,S2B_32SNE_20250404_0_L2A,0.05,0.9,0.0
2025-05-27,sidi-abdelmoumen,Sidi Abdelmoumen,0.035,0.0,S2B_32SNE_20250527_0_L2A,0.05,0.9,3.8
2025-06-13,sidi-abdelmoumen,Sidi Abdelmoumen,0.011,0.0,S2B_32SNE_20250613_1_L2A,0.05,0.9,1.3
2025-07-23,sidi-abdelmoumen,Sidi Abdelmoumen,0.002,0.0,S2A_32SNE_20250723_0_L2A,0.05,0.9,0.2
2025-08-05,sidi-abdelmoumen,Sidi Abdelmoumen,0.002,0.0,S2B_32SNE_20250805_0_L2A,0.05,0.9,0.2
2025-09-01,sidi-abdelmoumen,Sidi Abdelmoumen,0.000,0.0,S2B_32SNE_20250901_1_L2A,0.05,0.9,0.0
2025-10-08,sidi-abdelmoumen,Sidi Abdelmoumen,0.000,0.0,S2A_32SNE_20251008_0_L2A,0.05,0.9,0.0
2025-11-30,sidi-abdelmoumen,Sidi Abdelmoumen,0.001,0.0,S2A_32SNE_20251130_1_L2A,0.05,0.9,0.1
2025-12-28,sidi-abdelmoumen,Sidi Abdelmoumen,0.001,0.0,S2C_32SNE_20251228_0_L2A,0.05,0.9,0.2
2026-01-09,sidi-abdelmoumen,Sidi Abdelmoumen,0.001,0.0,S2A_32SNE_20260109_0_L2A,0.05,0.9,0.1
2026-02-26,sidi-abdelmoumen,Sidi Abdelmoumen,0.000,0.0,S2C_32SNE_20260226_0_L2A,0.05,0.9,0.0
2026-03-18,sidi-abdelmoumen,Sidi Abdelmoumen,0.000,0.0,S2C_32SNE_20260318_0_L2A,0.05,0.9,0.0
2026-04-07,sidi-abdelmoumen,Sidi Abdelmoumen,0.000,0.0,S2C_32SNE_20260407_0_L2A,0.05,0.9,0.0
2026-05-24,sidi-abdelmoumen,Sidi Abdelmoumen,0.000,0.0,S2C_32SNE_20260524_0_L2A,0.05,0.9,0.0
2026-06-28,sidi-abdelmoumen,Sidi Abdelmoumen,0.000,0.0,S2A_32SNE_20260628_1_L2A,0.05,0.9,0.0
2026-07-16,sidi-abdelmoumen,Sidi Abdelmoumen,0.000,0.0,S2C_32SNE_20260716_0_L2A,0.05,0.9,0.0
2026-08-20,sidi-abdelmoumen,Sidi Abdelmoumen,0.000,0.0,S2B_32SNE_20260820_0_L2A,0.05,0.9,0.0
2022-01-30,rmel,Rmel,0.078,0.0,S2B_32SPF_20220130_1_L2A,0.05,0.6,13.0
2022-02-09,rmel,Rmel,0.063,1.8,S2B_32SPF_20220209_0_L2A,0.05,0.6,10.5
2022-03-01,rmel,Rmel,0.017,22.4,S2B_32SPF_20220301_0_L2A,0.05,0.6,2.9
2022-04-25,rmel,Rmel,0.036,0.0,S2A_32SPF_20220425_0_L2A,0.05,0.6,6.0
2022-05-20,rmel,Rmel,0.008,0.9,S2B_32SPF_20220520_0_L2A,0.05,0.6,1.3
2022-06-14,rmel,Rmel,0.013,0.0,S2A_32SPF_20220614_0_L2A,0.05,0.6,2.1
2022-07-19,rmel,Rmel,0.009,0.0,S2B_32SPF_20220719_0_L2A,0.05,0.6,1.4
2022-08-13,rmel,Rmel,0.016,0.0,S2A_32SPF_20220813_0_L2A,0.05,0.6,2.6
2022-09-12,rmel,Rmel,0.028,0.0,S2A_32SPF_20220912_0_L2A,0.05,0.6,4.6
2022-10-22,rmel,Rmel,0.023,0.0,S2A_32SPF_20221022_0_L2A,0.05,0.6,3.9
2022-11-21,rmel,Rmel,0.041,0.0,S2A_32SPF_20221121_0_L2A,0.05,0.6,6.8
2022-12-21,rmel,Rmel,0.031,0.0,S2A_32SPF_20221221_0_L2A,0.05,0.6,5.1
2023-01-15,rmel,Rmel,0.018,0.1,S2B_32SPF_20230115_0_L2A,0.05,0.6,3.0
2023-02-19,rmel,Rmel,0.025,0.0,S2A_32SPF_20230219_0_L2A,0.05,0.6,4.2
2023-03-26,rmel,Rmel,0.020,0.0,S2B_32SPF_20230326_0_L2A,0.05,0.6,3.3
2023-04-10,rmel,Rmel,0.027,0.0,S2A_32SPF_20230410_0_L2A,0.05,0.6,4.5
2023-06-29,rmel,Rmel,0.026,0.0,S2A_32SPF_20230629_0_L2A,0.05,0.6,4.3
2023-07-24,rmel,Rmel,0.001,0.0,S2B_32SPF_20230724_0_L2A,0.05,0.6,0.2
2023-08-18,rmel,Rmel,0.011,0.0,S2A_32SPF_20230818_0_L2A,0.05,0.6,1.8
2023-09-17,rmel,Rmel,0.004,0.0,S2A_32SPF_20230917_0_L2A,0.05,0.6,0.6
2023-10-12,rmel,Rmel,0.014,0.0,S2B_32SPF_20231012_0_L2A,0.05,0.6,2.4
2023-11-16,rmel,Rmel,0.018,0.0,S2A_32SPF_20231116_0_L2A,0.05,0.6,3.0
2023-12-26,rmel,Rmel,0.177,0.0,S2A_32SPF_20231226_0_L2A,0.05,0.6,29.4
2024-01-25,rmel,Rmel,0.165,9.6,S2A_32SPF_20240125_0_L2A,0.05,0.6,27.6
2024-02-04,rmel,Rmel,0.168,0.0,S2A_32SPF_20240204_0_L2A,0.05,0.6,28.0
2024-03-30,rmel,Rmel,0.000,0.0,S2B_32SPF_20240330_0_L2A,0.05,0.6,0.0
2024-04-04,rmel,Rmel,0.115,0.0,S2A_32SPF_20240404_1_L2A,0.05,0.6,19.1
2024-05-19,rmel,Rmel,0.110,0.0,S2B_32SPF_20240519_0_L2A,0.05,0.6,18.2
2024-06-28,rmel,Rmel,0.007,0.0,S2B_32SPF_20240628_0_L2A,0.05,0.6,1.2
2024-07-13,rmel,Rmel,0.008,0.0,S2A_32SPF_20240713_0_L2A,0.05,0.6,1.3
2024-08-12,rmel,Rmel,0.005,0.0,S2A_32SPF_20240812_0_L2A,0.05,0.6,0.9
2024-09-01,rmel,Rmel,0.000,0.0,S2A_32SPF_20240901_0_L2A,0.05,0.6,0.0
2024-10-01,rmel,Rmel,0.090,0.0,S2A_32SPF_20241001_0_L2A,0.05,0.6,15.1
2024-11-20,rmel,Rmel,0.133,0.0,S2A_32SPF_20241120_0_L2A,0.05,0.6,22.2
2024-12-10,rmel,Rmel,0.123,0.0,S2A_32SPF_20241210_0_L2A,0.05,0.6,20.5
2025-01-24,rmel,Rmel,0.170,0.0,S2B_32SPF_20250124_0_L2A,0.05,0.6,28.4
2025-02-18,rmel,Rmel,0.045,41.2,S2C_32SPF_20250218_1_L2A,0.05,0.6,7.5
2025-03-15,rmel,Rmel,0.002,1.4,S2B_32SPF_20250315_0_L2A,0.05,0.6,0.3
2025-04-24,rmel,Rmel,0.089,25.5,S2B_32SPF_20250424_0_L2A,0.05,0.6,14.8
2025-05-31,rmel,Rmel,0.091,0.0,S2A_32SPF_20250531_0_L2A,0.05,0.6,15.2
2025-06-23,rmel,Rmel,0.082,0.0,S2B_32SPF_20250623_1_L2A,0.05,0.6,13.7
2025-07-20,rmel,Rmel,0.087,0.0,S2A_32SPF_20250720_0_L2A,0.05,0.6,14.6
2025-08-07,rmel,Rmel,0.076,0.0,S2C_32SPF_20250807_1_L2A,0.05,0.6,12.7
2025-09-01,rmel,Rmel,0.022,0.0,S2B_32SPF_20250901_1_L2A,0.05,0.6,3.6
2025-10-08,rmel,Rmel,0.043,0.1,S2A_32SPF_20251008_0_L2A,0.05,0.6,7.2
2025-11-20,rmel,Rmel,0.062,0.0,S2B_32SPF_20251120_1_L2A,0.05,0.6,10.3
2025-12-30,rmel,Rmel,0.042,13.2,S2B_32SPF_20251230_1_L2A,0.05,0.6,6.9
2026-01-09,rmel,Rmel,0.099,0.0,S2B_32SPF_20260109_1_L2A,0.05,0.6,16.5
2026-02-18,rmel,Rmel,0.183,0.7,S2B_32SPF_20260218_0_L2A,0.05,0.6,30.6
2026-03-25,rmel,Rmel,0.138,0.7,S2C_32SPF_20260325_1_L2A,0.05,0.6,22.9
2026-04-06,rmel,Rmel,0.183,0.0,S2A_32SPF_20260406_0_L2A,0.05,0.6,30.5
2026-05-29,rmel,Rmel,0.094,0.0,S2B_32SPF_20260529_0_L2A,0.05,0.6,15.6
2026-06-05,rmel,Rmel,0.105,0.0,S2A_32SPF_20260605_0_L2A,0.05,0.6,17.6
2026-07-08,rmel,Rmel,0.050,0.0,S2B_32SPF_20260708_0_L2A,0.05,0.6,8.2
2026-08-02,rmel,Rmel,0.011,0.0,S2C_32SPF_20260802_0_L2A,0.05,0.6,1.9
2022-01-28,el-abid,El Abid Upper,0.000,0.0,S2A_32SME_20220128_0_L2A,0.05,0.5,0.0
2022-02-07,el-abid,El Abid Upper,0.000,0.0,S2A_32SME_20220207_0_L2A,0.05,0.5,0.0
2022-03-14,el-abid,El Abid Upper,0.000,0.0,S2B_32SME_20220314_0_L2A,0.05,0.5,0.0
2022-04-08,el-abid,El Abid Upper,0.000,0.0,S2A_32SME_20220408_0_L2A,0.05,0.5,0.0
2022-05-18,el-abid,El Abid Upper,0.000,0.0,S2A_32SME_20220518_0_L2A,0.05,0.5,0.0
2022-06-12,el-abid,El Abid Upper,0.000,0.0,S2B_32SME_20220612_0_L2A,0.05,0.5,0.0
2022-07-17,el-abid,El Abid Upper,0.000,0.0,S2A_32SME_20220717_0_L2A,0.05,0.5,0.0
2022-08-21,el-abid,El Abid Upper,0.000,0.0,S2B_32SME_20220821_0_L2A,0.05,0.5,0.0
2022-09-15,el-abid,El Abid Upper,0.014,0.0,S2A_32SME_20220915_0_L2A,0.05,0.5,2.8
2022-10-15,el-abid,El Abid Upper,0.025,0.0,S2A_32SME_20221015_0_L2A,0.05,0.5,5.0
2022-11-14,el-abid,El Abid Upper,0.015,0.0,S2A_32SME_20221114_0_L2A,0.05,0.5,3.1
2022-12-04,el-abid,El Abid Upper,0.013,0.0,S2A_32SME_20221204_0_L2A,0.05,0.5,2.5
2023-01-08,el-abid,El Abid Upper,0.004,0.0,S2B_32SME_20230108_0_L2A,0.05,0.5,0.8
2023-02-22,el-abid,El Abid Upper,0.000,0.0,S2A_32SME_20230222_0_L2A,0.05,0.5,0.0
2023-03-24,el-abid,El Abid Upper,0.000,0.0,S2A_32SME_20230324_0_L2A,0.05,0.5,0.0
2023-04-08,el-abid,El Abid Upper,0.000,0.0,S2B_32SME_20230408_0_L2A,0.05,0.5,0.0
2023-05-18,el-abid,El Abid Upper,0.005,0.0,S2B_32SME_20230518_0_L2A,0.05,0.5,0.9
2023-06-17,el-abid,El Abid Upper,0.075,0.0,S2B_32SME_20230617_0_L2A,0.05,0.5,15.1
2023-07-02,el-abid,El Abid Upper,0.068,0.0,S2A_32SME_20230702_0_L2A,0.05,0.5,13.5
2023-08-11,el-abid,El Abid Upper,0.043,0.0,S2A_32SME_20230811_0_L2A,0.05,0.5,8.7
2023-09-10,el-abid,El Abid Upper,0.046,0.0,S2A_32SME_20230910_1_L2A,0.05,0.5,9.1
2023-10-10,el-abid,El Abid Upper,0.031,0.0,S2A_32SME_20231010_0_L2A,0.05,0.5,6.2
2023-11-19,el-abid,El Abid Upper,0.027,0.0,S2A_32SME_20231119_0_L2A,0.05,0.5,5.3
2023-12-24,el-abid,El Abid Upper,0.026,0.0,S2B_32SME_20231224_0_L2A,0.05,0.5,5.2
2024-01-03,el-abid,El Abid Upper,0.022,0.0,S2B_32SME_20240103_0_L2A,0.05,0.5,4.5
2024-02-07,el-abid,El Abid Upper,0.025,0.0,S2A_32SME_20240207_0_L2A,0.05,0.5,5.0
2024-03-23,el-abid,El Abid Upper,0.013,0.0,S2B_32SME_20240323_0_L2A,0.05,0.5,2.6
2024-04-27,el-abid,El Abid Upper,0.010,0.1,S2A_32SME_20240427_0_L2A,0.05,0.5,2.0
2024-05-27,el-abid,El Abid Upper,0.008,0.0,S2A_32SME_20240527_1_L2A,0.05,0.5,1.7
2024-06-26,el-abid,El Abid Upper,0.008,0.0,S2A_32SME_20240626_0_L2A,0.05,0.5,1.6
2024-07-11,el-abid,El Abid Upper,0.007,0.0,S2B_32SME_20240711_0_L2A,0.05,0.5,1.4
2024-08-05,el-abid,El Abid Upper,0.004,0.0,S2A_32SME_20240805_0_L2A,0.05,0.5,0.9
2024-09-04,el-abid,El Abid Upper,0.008,7.6,S2A_32SME_20240904_0_L2A,0.05,0.5,1.6
2024-10-14,el-abid,El Abid Upper,0.007,0.0,S2A_32SME_20241014_0_L2A,0.05,0.5,1.4
2024-11-03,el-abid,El Abid Upper,0.007,0.0,S2A_32SME_20241103_0_L2A,0.05,0.5,1.5
2024-12-13,el-abid,El Abid Upper,0.005,0.0,S2C_32SME_20241213_1_L2A,0.05,0.5,1.0
2025-01-07,el-abid,El Abid Upper,0.004,3.3,S2B_32SME_20250107_0_L2A,0.05,0.5,0.9
2025-02-11,el-abid,El Abid Upper,0.009,0.0,S2C_32SME_20250211_0_L2A,0.05,0.5,1.7
2025-03-08,el-abid,El Abid Upper,0.006,0.0,S2B_32SME_20250308_0_L2A,0.05,0.5,1.1
2025-04-24,el-abid,El Abid Upper,0.015,0.0,S2A_32SME_20250424_0_L2A,0.05,0.5,3.0
2025-05-27,el-abid,El Abid Upper,0.041,0.0,S2B_32SME_20250527_0_L2A,0.05,0.5,8.2
2025-06-03,el-abid,El Abid Upper,0.038,0.0,S2A_32SME_20250603_0_L2A,0.05,0.5,7.7
2025-07-23,el-abid,El Abid Upper,0.025,0.0,S2A_32SME_20250723_0_L2A,0.05,0.5,5.0
2025-08-05,el-abid,El Abid Upper,0.024,0.0,S2B_32SME_20250805_0_L2A,0.05,0.5,4.7
2025-09-01,el-abid,El Abid Upper,0.011,0.0,S2A_32SME_20250901_1_L2A,0.05,0.5,2.2
2025-10-24,el-abid,El Abid Upper,0.025,0.0,S2B_32SME_20251024_0_L2A,0.05,0.5,5.0
2025-11-30,el-abid,El Abid Upper,0.013,0.0,S2A_32SME_20251130_0_L2A,0.05,0.5,2.6
2025-12-28,el-abid,El Abid Upper,0.013,0.0,S2C_32SME_20251228_0_L2A,0.05,0.5,2.6
2026-01-09,el-abid,El Abid Upper,0.013,0.0,S2A_32SME_20260109_0_L2A,0.05,0.5,2.6
2026-02-06,el-abid,El Abid Upper,0.013,0.0,S2C_32SME_20260206_0_L2A,0.05,0.5,2.7
2026-03-18,el-abid,El Abid Upper,0.012,0.0,S2C_32SME_20260318_0_L2A,0.05,0.5,2.5
2026-04-07,el-abid,El Abid Upper,0.011,0.0,S2C_32SME_20260407_0_L2A,0.05,0.5,2.2
2026-05-19,el-abid,El Abid Upper,0.010,0.0,S2A_32SME_20260519_0_L2A,0.05,0.5,1.9
2026-06-21,el-abid,El Abid Upper,0.009,0.0,S2B_32SME_20260621_0_L2A,0.05,0.5,1.9
2026-07-08,el-abid,El Abid Upper,0.008,0.0,S2A_32SME_20260708_0_L2A,0.05,0.5,1.7
2026-08-25,el-abid,El Abid Upper,0.000,0.0,S2C_32SME_20260825_0_L2A,0.05,0.5,0.0
